# Host: 127.0.0.1  (Version 5.7.24)
# Date: 2020-07-06 16:13:34
# Generator: MySQL-Front 6.1  (Build 1.26)


#
# Structure for table "image_url"
#

CREATE TABLE `image_url` (
  `id` bigint(20) NOT NULL AUTO_INCREMENT,
  `img_url` varchar(200) DEFAULT NULL,
  PRIMARY KEY (`id`)
) ENGINE=InnoDB DEFAULT CHARSET=utf8;

#
# Data for table "image_url"
#


#
# Structure for table "permission"
#

CREATE TABLE `permission` (
  `permission_id` int(11) NOT NULL AUTO_INCREMENT,
  `available` bit(1) DEFAULT NULL,
  `parent_id` bigint(20) DEFAULT NULL,
  `parent_ids` varchar(255) DEFAULT NULL,
  `permission` varchar(255) DEFAULT NULL,
  `permission_name` varchar(255) NOT NULL,
  `resource_type` enum('menu','button') DEFAULT NULL,
  `url` varchar(255) DEFAULT NULL,
  PRIMARY KEY (`permission_id`)
) ENGINE=InnoDB AUTO_INCREMENT=3 DEFAULT CHARSET=utf8;

#
# Data for table "permission"
#

INSERT INTO `permission` VALUES (1,b'0',0,'0/','userControl','用户管理',NULL,'users'),(2,b'0',1,'0/1','userAdd','用户添加',NULL,'users/add');

#
# Structure for table "role"
#

CREATE TABLE `role` (
  `role_id` int(11) NOT NULL AUTO_INCREMENT,
  `available` bit(1) DEFAULT NULL,
  `description` varchar(255) DEFAULT NULL,
  `role` varchar(255) NOT NULL,
  PRIMARY KEY (`role_id`),
  UNIQUE KEY `UK_bjxn5ii7v7ygwx39et0wawu0q` (`role`)
) ENGINE=InnoDB AUTO_INCREMENT=2 DEFAULT CHARSET=utf8;

#
# Data for table "role"
#

INSERT INTO `role` VALUES (1,b'0','管理员','admin');

#
# Structure for table "role_permission"
#

CREATE TABLE `role_permission` (
  `role_id` int(11) NOT NULL,
  `permission_id` int(11) NOT NULL,
  KEY `FKf8yllw1ecvwqy3ehyxawqa1qp` (`permission_id`),
  KEY `FKa6jx8n8xkesmjmv6jqug6bg68` (`role_id`),
  CONSTRAINT `FKa6jx8n8xkesmjmv6jqug6bg68` FOREIGN KEY (`role_id`) REFERENCES `role` (`role_id`),
  CONSTRAINT `FKf8yllw1ecvwqy3ehyxawqa1qp` FOREIGN KEY (`permission_id`) REFERENCES `permission` (`permission_id`)
) ENGINE=InnoDB DEFAULT CHARSET=utf8;

#
# Data for table "role_permission"
#

INSERT INTO `role_permission` VALUES (1,1);

#
# Structure for table "user"
#

CREATE TABLE `user` (
  `id` bigint(20) NOT NULL AUTO_INCREMENT,
  `avatar` varchar(200) DEFAULT NULL,
  `email` varchar(50) NOT NULL,
  `name` varchar(20) NOT NULL,
  `password` varchar(100) NOT NULL,
  `username` varchar(20) NOT NULL,
  `salt` varchar(100) DEFAULT NULL,
  PRIMARY KEY (`id`),
  UNIQUE KEY `UK_ob8kqyqqgmefl0aco34akdtpe` (`email`),
  UNIQUE KEY `UK_sb8bbouer5wak8vyiiy4pf2bx` (`username`)
) ENGINE=InnoDB AUTO_INCREMENT=15 DEFAULT CHARSET=utf8;

#
# Data for table "user"
#

INSERT INTO `user` VALUES (1,NULL,'i@waylau.com','阿明','609ea851326766f918bf22f6751989cb','admin','tEclKk/Q2wflpQ0YTMEV1A=='),(7,NULL,'aaaa@qq.com','111','aaaaa','2222',NULL),(10,NULL,'','','','',''),(13,NULL,'qqqqq@qq.com','qqqqq','89f422c79baa6c200d1752a447de298e','qqqqq','2qGwjWOm3NzTmIQbI+chcA=='),(14,NULL,'xxxxx@qq.com','xxxxx','63b5f9d12aab74907c0d10ef72b2a7fa','xxxxx','ais0Vg6UjTMNLqvOXatxsw==');

#
# Structure for table "comment"
#

CREATE TABLE `comment` (
  `id` bigint(20) NOT NULL AUTO_INCREMENT,
  `content` varchar(500) NOT NULL,
  `create_time` datetime NOT NULL,
  `user_id` bigint(20) DEFAULT NULL,
  PRIMARY KEY (`id`),
  KEY `FK8kcum44fvpupyw6f5baccx25c` (`user_id`),
  CONSTRAINT `FK8kcum44fvpupyw6f5baccx25c` FOREIGN KEY (`user_id`) REFERENCES `user` (`id`)
) ENGINE=InnoDB AUTO_INCREMENT=7 DEFAULT CHARSET=utf8;

#
# Data for table "comment"
#

INSERT INTO `comment` VALUES (3,'text','2019-11-21 09:49:57',14),(4,'6666','2019-11-21 09:50:24',14),(6,'111','2020-03-14 12:57:33',14);

#
# Structure for table "catalog"
#

CREATE TABLE `catalog` (
  `id` bigint(20) NOT NULL AUTO_INCREMENT,
  `name` varchar(30) NOT NULL,
  `user_id` bigint(20) DEFAULT NULL,
  PRIMARY KEY (`id`),
  KEY `FKk3mprwb52pe5lfv3l2xpmwj8s` (`user_id`),
  CONSTRAINT `FKk3mprwb52pe5lfv3l2xpmwj8s` FOREIGN KEY (`user_id`) REFERENCES `user` (`id`)
) ENGINE=InnoDB AUTO_INCREMENT=7 DEFAULT CHARSET=utf8;

#
# Data for table "catalog"
#

INSERT INTO `catalog` VALUES (1,'text',1),(2,'未分类',7),(3,'未分类',10),(4,'未分类',13),(5,'未分类',13),(6,'test',14);

#
# Structure for table "blog"
#

CREATE TABLE `blog` (
  `id` bigint(20) NOT NULL AUTO_INCREMENT,
  `comment_size` int(11) DEFAULT NULL,
  `content` longtext NOT NULL,
  `create_time` datetime DEFAULT NULL,
  `html_content` longtext NOT NULL,
  `read_size` int(11) DEFAULT NULL,
  `summary` varchar(300) NOT NULL,
  `tags` varchar(100) DEFAULT NULL,
  `title` varchar(50) NOT NULL,
  `vote_size` int(11) DEFAULT NULL,
  `catalog_id` bigint(20) DEFAULT NULL,
  `user_id` bigint(20) DEFAULT NULL,
  PRIMARY KEY (`id`),
  KEY `FKefps36p8dyf3t7yjmic1v0jcs` (`catalog_id`),
  KEY `FKpxk2jtysqn41oop7lvxcp6dqq` (`user_id`),
  CONSTRAINT `FKefps36p8dyf3t7yjmic1v0jcs` FOREIGN KEY (`catalog_id`) REFERENCES `catalog` (`id`),
  CONSTRAINT `FKpxk2jtysqn41oop7lvxcp6dqq` FOREIGN KEY (`user_id`) REFERENCES `user` (`id`)
) ENGINE=InnoDB AUTO_INCREMENT=13 DEFAULT CHARSET=utf8;

#
# Data for table "blog"
#

INSERT INTO `blog` VALUES (2,0,'aaaaa','2019-11-04 04:44:33','aaaaa',4,'aaa','aa','aaa',0,1,1),(3,0,'ttt','2019-11-08 13:31:09','ttt',7,'tttt    ttt ','ttt','ttttt',0,2,7),(4,0,'111','2019-11-11 05:46:42','111',25,'11','111','11',1,1,1),(6,0,'new','2019-11-17 04:55:45','new',5,'new   ','new','new',0,3,10),(7,0,'ttt','2019-11-19 12:17:42','ttt',8,'tt','ttt','tt',1,5,13),(8,1,'ttt','2019-11-19 12:28:14','ttt',22,'ttt','tt','tttt',2,5,13),(9,1,'6666','2019-11-20 06:24:03','6666',45,'666','666','666',1,6,14),(11,0,'11','2019-11-22 06:29:11','11',9,'11','11','111',0,1,1),(12,1,'es<div class=\"para\" label-module=\"para\" style=\"font-size: 14px; overflow-wrap: break-word; color: rgb(51, 51, 51); margin-bottom: 15px; text-indent: 2em; line-height: 24px; zoom: 1; font-family: arial, 宋体, sans-serif;\">指在博客（Blog或Weblog）的<a target=\"_blank\" href=\"https://baike.baidu.com/item/%E8%99%9A%E6%8B%9F%E7%A9%BA%E9%97%B4\" style=\"color: rgb(19, 110, 194); text-decoration-line: none;\">虚拟空间</a>中发布文章等各种形式的过程。</div><div class=\"para\" label-module=\"para\" style=\"font-size: 14px; overflow-wrap: break-word; color: rgb(51, 51, 51); margin-bottom: 15px; text-indent: 2em; line-height: 24px; zoom: 1; font-family: arial, 宋体, sans-serif;\">简言之，<a target=\"_blank\" href=\"https://baike.baidu.com/item/Blog/70149\" data-lemmaid=\"70149\" style=\"color: rgb(19, 110, 194); text-decoration-line: none;\">Blog</a>就是以网络作为载体，简易迅速便捷地发布自己的心得，及时有效轻松地与他人进行交流，再集丰富多彩的个性化展示于一体的综合性平台。不同的博客可能使用不同的编码，所以相互之间也不一定兼容。而且，很多博客都提供丰富多彩的模板或其他个性化方案，这使得不同的博客各具特色。<a target=\"_blank\" href=\"https://baike.baidu.com/item/Blog\" style=\"color: rgb(19, 110, 194); text-decoration-line: none;\">Blog</a>是继<a target=\"_blank\" href=\"https://baike.baidu.com/item/Email\" style=\"color: rgb(19, 110, 194); text-decoration-line: none;\">Email</a>、<a target=\"_blank\" href=\"https://baike.baidu.com/item/BBS\" style=\"color: rgb(19, 110, 194); text-decoration-line: none;\">BBS</a>、<a target=\"_blank\" href=\"https://baike.baidu.com/item/ICQ\" style=\"color: rgb(19, 110, 194); text-decoration-line: none;\">ICQ</a>之后出现的第四种网络交流方式，至今已十分受大家的欢迎，是<a target=\"_blank\" href=\"https://baike.baidu.com/item/%E7%BD%91%E7%BB%9C%E6%97%B6%E4%BB%A3\" style=\"color: rgb(19, 110, 194); text-decoration-line: none;\">网络时代</a>的个人“读者文摘”，是以超级链接为入口的网络日记，是代表着新的生活方式和新的工作方式，更代表着新的学习方式。具体说来，博客（Blogger）这个概念解释为使用特定的软件，在网络上出版，发表和张贴个人文章的人。<span class=\"sup--normal\" data-sup=\"2\" data-ctrmap=\":2,\" style=\"font-size: 10.5px; line-height: 0; position: relative; vertical-align: baseline; top: -0.5em; margin-left: 2px; color: rgb(51, 102, 204); cursor: pointer; padding: 0px 2px;\">&nbsp;[2]</span><a class=\"sup-anchor \" name=\"ref_[2]_4904688\" style=\"color: rgb(19, 110, 194); position: relative; top: -50px; font-size: 0px; line-height: 0;\">&nbsp;</a></div><div class=\"anchor-list\" style=\"position: relative; color: rgb(51, 51, 51); font-family: arial, 宋体, sans-serif;\"><a name=\"1_2\" class=\"lemma-anchor para-title \" style=\"color: rgb(19, 110, 194); position: absolute; top: -50px;\"></a><a name=\"sub4904688_1_2\" class=\"lemma-anchor  \" style=\"color: rgb(19, 110, 194); position: absolute; top: -50px;\"></a><a name=\"博客养站方法\" class=\"lemma-anchor  \" style=\"color: rgb(19, 110, 194); position: absolute; top: -50px;\"></a><a name=\"1-2\" class=\"lemma-anchor  \" style=\"color: rgb(19, 110, 194); position: absolute; top: -50px;\"></a></div><div class=\"para-title level-3\" label-module=\"para-title\" style=\"clear: both; zoom: 1; margin: 20px 0px 12px; line-height: 20px; font-size: 18px; font-family: &quot;Microsoft YaHei&quot;, SimHei, Verdana; color: rgb(51, 51, 51);\"><h3 class=\"title-text\" style=\"margin: 0px; padding: 0px; font-size: 18px; font-weight: 400;\">博客养站方法</h3></div><div class=\"para\" label-module=\"para\" style=\"font-size: 14px; overflow-wrap: break-word; color: rgb(51, 51, 51); margin-bottom: 15px; text-indent: 2em; line-height: 24px; zoom: 1; font-family: arial, 宋体, sans-serif;\"><span style=\"font-weight: 700;\">——博客资源的选择</span></div><div class=\"para\" label-module=\"para\" style=\"font-size: 14px; overflow-wrap: break-word; color: rgb(51, 51, 51); margin-bottom: 15px; text-indent: 2em; line-height: 24px; zoom: 1; font-family: arial, 宋体, sans-serif;\">选择高<a target=\"_blank\" href=\"https://baike.baidu.com/item/%E6%9D%83%E9%87%8D\" style=\"color: rgb(19, 110, 194); text-decoration-line: none;\">权重</a>的博客除了利用工具之外，还可以“问问”<a target=\"_blank\" href=\"https://baike.baidu.com/item/%E6%90%9C%E7%B4%A2%E5%BC%95%E6%93%8E\" style=\"color: rgb(19, 110, 194); text-decoration-line: none;\">搜索引擎</a>，咨询下大家的看法，然后自己去看看是不是好做，有些博客确实是不好做的，比如没有独立的页面、不好注册等等。</div><div class=\"para\" label-module=\"para\" style=\"font-size: 14px; overflow-wrap: break-word; color: rgb(51, 51, 51); margin-bottom: 15px; text-indent: 2em; line-height: 24px; zoom: 1; font-family: arial, 宋体, sans-serif;\">选择博客我会特意选择和论坛相关联的博客，比如我常在新浪论坛上发布<a target=\"_blank\" href=\"https://baike.baidu.com/item/%E5%B8%96%E5%AD%90\" style=\"color: rgb(19, 110, 194); text-decoration-line: none;\">帖子</a>，论坛上的这个账号我是没有开通博客的，而在选择博客的时候我就可能就会选择<a target=\"_blank\" href=\"https://baike.baidu.com/item/%E6%96%B0%E6%B5%AA%E5%8D%9A%E5%AE%A2\" style=\"color: rgb(19, 110, 194); text-decoration-line: none;\">新浪博客</a>。</div><div class=\"para\" label-module=\"para\" style=\"font-size: 14px; overflow-wrap: break-word; color: rgb(51, 51, 51); margin-bottom: 15px; text-indent: 2em; line-height: 24px; zoom: 1; font-family: arial, 宋体, sans-serif;\">另外在博客资源选取上可以通过在搜索引擎中搜索<a target=\"_blank\" href=\"https://baike.baidu.com/item/blog\" style=\"color: rgb(19, 110, 194); text-decoration-line: none;\">blog</a>，来找一些资源，通过这种方式找的资源权重相对还是比较高的。给大家推荐十个权重比较高的博客供大家参考：</div><div class=\"para\" label-module=\"para\" style=\"font-size: 14px; overflow-wrap: break-word; color: rgb(51, 51, 51); margin-bottom: 15px; text-indent: 2em; line-height: 24px; zoom: 1; font-family: arial, 宋体, sans-serif;\">博客最初的名称是<a target=\"_blank\" href=\"https://baike.baidu.com/item/Weblog\" style=\"color: rgb(19, 110, 194); text-decoration-line: none;\">Weblog</a>，由web和<a target=\"_blank\" href=\"https://baike.baidu.com/item/log\" style=\"color: rgb(19, 110, 194); text-decoration-line: none;\">log</a>两个单词组成，按字面意思就为网络日记，后来喜欢新名词的人把这个词的发音故意改了一下，读成we blog，由此，blog这个词被创造出来。中文意思即<a target=\"_blank\" href=\"https://baike.baidu.com/item/%E7%BD%91%E5%BF%97\" style=\"color: rgb(19, 110, 194); text-decoration-line: none;\"><span style=\"font-weight: 700;\">网志</span></a>或<span style=\"font-weight: 700;\">网络日记</span>，不过，在中国大陆有人往往也将<a target=\"_blank\" href=\"https://baike.baidu.com/item/Blog\" style=\"color: rgb(19, 110, 194); text-decoration-line: none;\"><span style=\"font-weight: 700;\">Blog</span></a>本身和<span style=\"font-weight: 700;\">blogger</span>（即博客作者）均音译为“博客”。“博客”有较深的涵义：“博”为“广博”；“客”不单是“blogger”更有“好客”之意。看<a target=\"_blank\" href=\"https://baike.baidu.com/item/Blog\" style=\"color: rgb(19, 110, 194); text-decoration-line: none;\">Blog</a>的人都是“客”。而在台湾，则分别音译成“部落格”（或“部落阁”）及“部落客”，认为Blog本身有社群群组的意含在内，借由Blog可以将网络上网友集结成一个大博客，成为另一个具有影响力的自由媒体。<span class=\"sup--normal\" data-sup=\"2\" data-ctrmap=\":2,\" style=\"font-size: 10.5px; line-height: 0; position: relative; vertical-align: baseline; top: -0.5em; margin-left: 2px; color: rgb(51, 102, 204); cursor: pointer; padding: 0px 2px;\">&nbsp;[2]</span><a class=\"sup-anchor \" name=\"ref_[2]_4904688\" style=\"color: rgb(19, 110, 194); position: relative; top: -50px; font-size: 0px; line-height: 0;\">&nbsp;</a></div><div class=\"para\" label-module=\"para\" style=\"font-size: 14px; overflow-wrap: break-word; color: rgb(51, 51, 51); margin-bottom: 15px; text-indent: 2em; line-height: 24px; zoom: 1; font-family: arial, 宋体, sans-serif;\">①<a target=\"_blank\" href=\"https://baike.baidu.com/item/BLOG/70149\" data-lemmaid=\"70149\" style=\"color: rgb(19, 110, 194); text-decoration-line: none;\">BLOG</a>= weBLOG = 部落格 =网络日记=<a target=\"_blank\" href=\"https://baike.baidu.com/item/%E7%BD%91%E5%BF%97\" style=\"color: rgb(19, 110, 194); text-decoration-line: none;\">网志</a>= 网络日记本</div><div class=\"para\" label-module=\"para\" style=\"font-size: 14px; overflow-wrap: break-word; color: rgb(51, 51, 51); margin-bottom: 15px; text-indent: 2em; line-height: 24px; zoom: 1; font-family: arial, 宋体, sans-serif;\">②<a target=\"_blank\" href=\"https://baike.baidu.com/item/blogger\" style=\"color: rgb(19, 110, 194); text-decoration-line: none;\">blogger</a>= 写blog的人 =<a target=\"_blank\" href=\"https://baike.baidu.com/item/%E5%8D%9A%E4%B8%BB\" style=\"color: rgb(19, 110, 194); text-decoration-line: none;\">博主</a></div><img src=\"data:image/png;base64,iVBORw0KGgoAAAANSUhEUgAAAo0AAACNCAYAAADSMkBkAAAgAElEQVR4Ae2dbYtdx5Xv5zv4U/jtnFf9QiAwCOeFIIwFwQLj0TU4wqATm4kSEiXxjBljFKI5ae4VcsaWwTQh0bXmcppEV74Ez4w1bY3co1Hn9GRC22jag00naaYTJ03kcduy12VV1aq96mk/nAfptPRvaPbetWuvWvWrVavWrl17nz8h/IEACIAACIAACIAACIBAA4E/aTiP0yAAAiAAAiAAAiAAAiBACBphBCAAAiAAAiAAAiAAAo0EEDQ2IkIGEAABEAABEAABEAABBI2wARAAARAAARAAARAAgUYCCBobESEDCIAACIAACIAACIAAgkbYAAiAAAiAAAiAAAiAQCMBBI2NiJABBEAABEAABEAABEAAQSNsAARAAARAAARAAARAoJEAgsZGRMgAAiAAAiAAAiAAAiCAoBE2AAIgAAIgAAIgAAIg0EgAQWMjImQAARAAARAAARAAARBA0AgbAAEQAAEQAAEQAAEQaCSAoLERETKAAAiAAAiAAAiAAAggaIQNgAAIgAAIgAAIgAAINBJA0NiICBlAAARAAARAAARAAAQQNMIGQAAEQAAEQAAEQAAEGgkgaGxEhAwgAAIgAAIgAAIgAAIIGmEDIAACIAACIAACIAACjQQQNDYiQgYQAAEQAAEQAAEQAAEEjbABEAABEAABEAABEACBRgIIGhsRIQMIgAAIgAAIgAAIgACCRtgACIAACIAACIAACIBAIwEEjY2IkAEEQAAEQAAEQAAEQABBI2wABEAABEAABEAABECgkQCCxkZEM8pwe0ZyIRYEQAAEQAAEQAAEZkBgzoLGXRq9dpbOnrP/b7w/aY21vAs02g3l7bw1pJX3osQwy0yOdq6dp+MPLVB/eWsm8iEUBEAABEAABEAABKZNYM6Cxh0anuhRr2f/B2uTVlfL69NwW8n78A06dcCWc/DPT9HStS3am/ns3y6t/q+jtODq1+sdocHanlIKuyAAAiAAAiAAAiAwnwTu26Bx583TdOyhKkDlQHXhC306/9YWzTSM2xpS3wWrJjg+0KchJhzns3dAKxAAARAAARAAAU/gvg0aDYHbu7SxHAaP/eUdD2dWO3tvnVazjT3qPTKg0a1ZlQa5IAACIAACIAACIDA5gfs7aBR+Jnh8jo4+ep42Zv6Imgvdo9Uzh91j+IN0/KVV2rkj5UqFsQUBEAABEAABEACBbgT2VdA4evUoHX2s2/8h/yh4gQ492nBt7vyro5Do+lJnHbI6P3LQBo0PHZmCvOfojdlPkIYccAQCIAACIAACIHBfEdhfQeNiuAZRXpiZ6XYxChrXBv5FnZmW61+WaVPn6CWfKZjw7373O1pfX6erV6/SW2+9hf+IAXNhPswJfyAAAiAAAiBwPxDYX0HjrGcac7OY8UzjfRA0ciD09ttv087ODn3++ef3Qz/oXEfmwnyYEwLHzvhwAQiAAAiAwD4ksK+Cxu58az65012YvUIHjSeGVPtU+NaIll5YotWtWbyPPYO6OSY8g8YBEf6aCTAn5oU/EAABEAABELjXCSBo7NrCbYPG21s0fGbBP8o++OdLNJpq7Di7oJEfvWKGsZ1hMCfmhT8QAAEQAAEQuNcJ7MugcffmKq1ea/N/mQaPyZrAozR4vc01nGdExcnBVkHjHo0Wj/iAsdebxa+/zC5o5DWM+GtPALzas0JOEAABEACB/UtgXwaNo5m/EFPzYkmLoHFruR98h/HId1do68Nd2p3Gv/+eI4LGeel2CBrnpSWgBwiAAAiAwCwJ3OWgcURL0csn1SdyenTwkfATOUtu6dg8B407b52mI53efJaZ0JZb/zY3gsZZdowushE0dqGFvCAAAiAAAvuVwF0PGgcdAiz5LWodNB7/8UbNDN4GXfiyBGPH6cI7dbN9K3Ta61Iz01jT0jMPGFk/HzTWKDLhKQRB3QCCVzdeyA0CIAACILA/Cez7oLH+Z/+6zMaNqApguweNW8sn6aAPOiVQPUSnXltpuf4ys97yrQt06pDIstsjr27O3NIQBHVDDF7deCE3CIAACIDA/iRwl4NGor1gnZ+eGezR6TfDmcE991N7eqbxrgeNt3dp9MqxYA3jwoHqreneI8/RG1tjGMetTbrwdferMS4YPbK4Srt34OcGZxMEfU5//OUebeyOwWLOL5kNrzmvNNQDARAAARC47wjc9aAxJK5nBnskj6PDPEQ6aJzNr7K0nGnMBXZ/9QZt7Y5o8IiaIXzoJA3fj2tRPt67OaTn9PW9BTp67s4EjKzV9IOgz+mP6/9N/2PpFv3Zj/6b/vXDe+uD4dPnVbYNnAEBEAABEACBu0UAQWPySJmDveagsTGwuxUFjgeO0uDNhg9m396h1ZeOR4+5D9LJ1zZpqp94bLC26QdBn9I///QW/RkHjWMHjjfo3JNP0rkbsfI2/ckfJCeCjDd+8CQ9+9NfuTR3zZNP0pOZ/7SMQFRyMH1eSRFIAAEQAAEQAIG7TmDfB42HnzlNZ8+dLfyfpv5hmfE7TP3vlvJx+ik65gPImqDx9i5tvBavXzxIJ5czz6BvbdD5J9Sj6l6PjvzVMH1Ee3uPtq6dp+MPia5u+9BJ8/LOnbaS6QVBn9P2+h5t8yP125/Sv17WgeNH9M//1X7G8Vc/fdYHfbyfC/Z0WhUgMj0OEp+lS78WkvGxpP+KLn0nF5jK+fx2erzy8pEKAiAAAiAAAvNAYN8HjXd8TePtXVrVH+4+cIzOr9cs1Lu9QytnjgZrHnsHDlH/pVXaurVLm2+ep/4XwsCSPwZ+9K+HtOm/yXhnTWU6QdDntL36kXkk/aW/+9gGjnSb1lXg+I1/+oQ+aVO1X1+iZ79ziWSe0ASNNTOLVYCZn1F89qeXzKylDjL1PmYa2zQK8oAACIAACNxvBBA0+hbv8va0/cWXhSfO06gmXvSiiWgnN5PoZzarGcaFR5+j4TstheoCprg/edD4OW1f/Yi+JI+jl24RB44fmGfst2n9/92iZ//xE/pjK5159s/NEt44R08++Syd+8GzVPc4ugoabQH8aLprINhKNZdpcl5dSkNeEAABEAABELg7BPZ90HjHH09LO5lHrnLQvN3b2aTV156r//D3M+dp9P4uyVvizVJnk2OyIOhz2n4rDBhlLWMVOHbQm2cZ1bpDfuzc6fG0zFJywOlmKzmI1DOLuf0uQeZkvDqwQFYQAAEQAAEQuIsE9n3QeFffnq5ruFs7tLl2mS6cOUXHksfP1cxiXv+DdOSpUzR47TKtrm3Szod38jWYSd6e/ow++Kd8wCiB41+//WkdteI5/Uha7xcvcCf8CzAqaCQqrV0spdeXgqCxng/OggAIgAAI3BsEEDRmHhG3eXtaN//e7i5t/fsqrSwv0eDbx+loU5D40DE69eoKbW7v0OabS3TqiUPhmsesTj1a+IL9WcWTL7gXel4d0sq18KPgG9uTB5jjBUG3afMf6wPGZ6+2WsGo0br9G3QuWdN4rnZdop1VLK1pvGFeeMnNMHJal1lGVnA8XplqIgkEQAAEQAAE5pjAvg8a79SLMPwRcg4MV69dpgv8tvYLJ+noY0eiz+OUZxAXvnCMTp0b0up7hfWKt7Zo4/ULdPqr7WUms5QnhrQ1hY9/dw+CPmsMGL+7Om7ASBQ8Tv7OJbpkPp9zyQWSPDt4jviDOzwDaQK+YFbR9b4grTSjWEqv78HdedXLw1kQAAEQAAEQmEcCCBp9q9S/CLP542OUBGmFGUGT78AhOvrV07S0vEqbOx1n/27v0e77G+1nLo0ex+jCe74yE+2MFQTtfkIX/059Uke9BDP41/EeSdtK2EBO1iPKo2XzBrSZfRw/aMRM40RmgotBAARAAATuMwL3eNC4S6PX5NuMF9I3nXdHdtaQZw5fW6Ut9ZOGycsotzfofPArLXpWcYEOPXqcTp1ZouGbI9qcwiPixA45kNzepNG1FRq+epbOnjlFxx87SkcftY+2Dy+OpvYB8G5B4x79339ys4h7n9ByFDi+tD5JwJhQcN9c5EfI+UfPPhBUj7NZSjBb+YNLhe8xYqYxRxxpIAACIAACIMAE9mXQSLfUb1J3nMQLmn17SH2ZLTwxpIbfa6G9awM6+hgHh2dpaXnlrrykEug/o4OuQeNLS7eIv7lo/lTgOJWAMXp72gaF/Dha1jnWzDSqa8/9oHp7WmYrq7WLaQBanWuG3I1XszzkAAEQAAEQAIF5JLB/gkYdKKoZwd1J9t+5QMclaPzyBdooyWr6yPb6Eh3lWb878v8cvdEU3U5oad2CoD3ioJHfjv6GfHvx9ie0eXMKiyuTetiZQPtrLy2CRn29X9OYBohPPmnXRKbBpBZQ3u/GqywHZ0AABEAABEBgngnsm6BxtKgfB9/h/cVRfRuuDbqtd5RAdaxtzU8c1mvZ+my3IGiPfnjhFh13/4OrbT/a3VqdKqN8c9GkSNBYnSY1s5h8/NsHjSp/sovH0wkSJIAACIAACICAI4CgsU3g1iVo5Bdgpj7jqN+onregEX2pW5ANXiAAAiAAAiCwPwnsm6Bx6+/lhZZ4O6DBYpzW8vi7fTosQePhPp3mF2Jy/3+/Vd+6eqaxxdrIemG5s/VvdueumCQNQVA3euDVjRdygwAIgAAI7E8C+yZoLOHdWu7TwXF/r7njizAlHQhBYxHN/XACQeP90MqoIwiAAAiAwL4OGjlgXJCZwt5BOv7qiHa7vH+BoDHbAxAEZbEUE8GriAYnQAAEQAAE7iEC+zpopN0NuvD1g8FLKAtPnKXVtm8XI2jMmjKCoCyWYiJ4FdHgBAiAAAiAwD1EYH8HjaYh9mhz+Tk64mcce9Q7cIzOrxd+rk83HoJGTcPvIwjyKFrtgFcrTMgEAiAAAiCwzwncA0GjbYG9mxfo5EPuUzwcNP57i69+v3eBjkqwOckLLFjTuM+7wWTqI2icjB+uBgEQAAEQ2B8E7pmg0eDeHdH5J47SYK1FwEh7NFo8Uj3afuZy4y/CFJtUB40ShM5sO/tP7ly9epU+//zzYnVxoiLAnJgX/kAABEAABEDgXidwbwWNUWvtXOqboPDgI5lfa/nCQhUw9np07LWGz+pEsoPDeyxoXF9fp52dtgtDAxL33QFzYl74AwEQAAEQAIF7ncA9HTTS+ln1dnXNr8g8MqBR008F1lmCDhrvgY97/+53v6O3337bBI6Yccw3PHPhgJE5MS/8gQAIgAAIgMC9TuDeDhp3LlO/7jHxgUN07IUhbbR4Z6bWEHTQOMnayGIhd/bj3qwGB0I8g8aPXnnNHv5DBsyF+SBgLBotToAACIAACNxjBOYsaNyl0WvVr7K88f6UaN/eo90Pd8P/SWYWY7U+3KTVa6v2f32L2qyojEXUH+/Spsi/NqKt6RdQXzzOggAIgAAIgAAI3PcE5ixovO/bAwBAAARAAARAAARAYC4JIGicy2aBUiAAAiAAAiAAAiAwXwQQNM5Xe0AbEAABEAABEAABEJhLAgga57JZoBQIgAAIgAAIgAAIzBcBBI3z1R7QBgRAAARAAARAAATmkgCCxrlsFigFAiAAAiAAAiAAAvNFAEHjfLUHtAEBEAABEAABEACBuSSAoHEumwVKgQAIgAAIgAAIgMB8EUDQOF/tAW1AAARAAARAAARAYC4JIGicy2aBUiAAAiAAAiAAAiAwXwQQNM5Xe0AbEAABEAABEAABEJhLAgga57JZoBQIgAAIgAAIgAAIzBcBBI3z1R7QBgRAAARAAARAAATmkgCCxrlsFigFAiAAAiAAAiAAAvNFAEHjfLUHtAEBEAABEAABEACBuSSAoHEumwVKgQAIgAAIgAAIgMB8EUDQOF/tAW1AAARAAARAAARAYC4JIGicy2aBUiAAAiAAAiAAAiAwXwQQNM5Xe0AbEAABEAABEAABEJhLAgga57JZoBQIgAAIgAAIgAAIzBcBBI3z1R7QBgRAAARAAARAAATmkgCCxrlsFigFAiAAAiAAAiAAAvNFAEHjfLUHtAEBEAABEAABEACBuSSAoHEumwVKgQAIgAAIgAAIgMB8EUDQOF/tAW1AAARAAARAAARAYC4JIGicy2aBUiAAAiAAAiAAAiAwXwQQNM5Xe0AbEAABEAABEAABEJhLAggak2YZ0WBxlKRKws5yn3p8fm1gt3KixdZce2JIOy3yziqL0aE3oHINxyh5dIMeeP4XtD3GpfN5yYgGvR71l3VL7dDwRJ/6y1Ml16n6o8VeZ5srFWBtsU/DtVIOpM+aANpgioTZH/f6NEycEPfbAQ23dV+eYrn3s6gxxkCPaz+01/aQ+r0eDcb0kdP015Yb2/JkY8A0fA6CRm/FsmMDhpKhMHR/jg2/YxBoG+1uBY7W6MJgSOo92Xb79av0wCub7YWMbtAZFX+tvnKFHujfoIssp8/78n+Dzrhzq+2lT5hzRIOkXW3QmA5KLYpi51NzI9JCApFxYBzk7XS+6dhZ5kEzLOXu2mGoy/1whDaYbSuzPWf9WuuBP9fnp6mzG/CNX2lRlgmq9M29HZd6vR6V/3X+aepeljWuH5m0vUy5WRbMoIZVFz/MtuPGAVteB74T+GtLW9VBdBaZkS8vtc7kPseOeX0OVBVrBI0JcW4sZxym44bANLxgPwoyykadl9dfHFA/e6ecKDh+gjE6rptzYItDe+eiDILr1D/RL9y1E9FvfkGPS0D3yg06I/s1Wx0cVspv08Xnr9Djr+sesEkXg2POvWnKyMuopI2/51hEDIK2rT3XzpEYe5DOP4ay5q41p8eJIQ15BlJsNivb1lEPqp304ZnkXPs+fYW++L3r9JP/+IMq1bZX2K7q9H27O2YbmD7bo6M/ztyQuXO93lG68F4KdvPHR8v9OM1un56MObNi7bNdX8gVPVkas82XzXau7b62nGhQLvY56YeRz6+VTUQsz+sSlZW9Ngkcs7lsorMFP6FRk3Wqp7jcjhzIjD9TaK9sRdT4nT3fITGqmx3T83rHUou2U/TX8TiUltPJZxuFxvQ5vjJ8fTp7j6DRA5KdeqPjhmvumHnYUkJuawyCH6Osze4xCpfhnRYrsTZMZqA4ubVxjjZpktk/MzsZPdbmNB0g8gzknQ9AcjMB3ds0aGceAMYNGuuubTtYmHyVA0hsIVA2OnBB45e+f4POLqn/F6/Rw3/BM8IrdHbjU3cRgsaIXnU4Vhts0oXHetR75nIyw7z7s1PUO7BAC8lSCi5yl974Zo96j12gTLhZ6aT33E1ys3/TF9n9uxM02kExd4Nn66BmayTQc9vAD6rqjBbDPlJiwf2ndE6JC3aDoDEOIoOcYxxEAc4YEmovGfHYETHMcZe0/MTD9NsrVbp+/E7z16SY/qqDt9y4kLl+Yn/NnHS5XEaJXZ/MTGApcB/L50iduMyqP0gqgkYh4beR0a0N3MxbfoaQO0nsPEzQFTVirVPdHtIgWD/nlZniTsYQt4fZNW2sa1ynvCIcIFyli78Jz5pHzVEwGOZwR7/5BV1Uj6glD1/PgaOR0+WRtwiYeFs5B9Nupi3zHUgXZdpdOdb+8tCsjRRHKlsesOK85WUOlS66LLtvHUlpAIzzj5arZRHxABbnDY5d0KiDeX/+V3bm+cElCU0QNHo2mZ1x2mDjlcPU652mlT0tcI9WXuhR75sX6AIHh998g3b16durxvYOv7KhU+v392XQGA1qPEjKzRn77tivJoFAHslobZT2UdW3c37fSDLyy2OF+IBkKzrn1TGzlMk1og9fy+VGY05B1BjJ0ZjYQoLxb4tDGgWTIBkfOqX2qlTqoKuz9yJX4ZvbFttrGv46P1Z7u64qy7ceNOAnlDXLlsbxObYIaa8RDaUfbQ8JQaNvAIYfd/Y+DZfDGSLuDFVAlWlcL0/tGON0dwS+DCd7Zh1dlc+70kECY1fG4LM7I9RPjf25dCcN7DhouDHRDCSX0jrwTFWaakr7ADotdmd5mH3hiG0oGczSy51DGNDIDUThNWx7DYuiiwNYbIux3fOxutOtCxrd8oEHXr7papALGvdoe/Xn9LW/vEIP8mPup6/Ql77/c1r9rcxOuks/+oB+8so1Wnjarmf90ou/oHf+wwalQcD625v08vev0p86WU/+8Cb9/jo/Qo9uYP7rJp393orN179CD8eP0k29rtLF67+kr5y0ej3+kw+yLTF24jTa4F/4JY/DdP4dpcXtEQ0O2Med9gYkCirfOU+HewvKVxHtvjOk008cMjOTvQOH6Ni3l2hVP9iQoPHNTRq+cIwOsq966AidfGmVdm6rsjO75uZK20wmjyTtXFuiU3V6cMZbm3R5sU+HDrAtHqRjLwxp82b8YoIMaiKZbPBkfFxh8DbtoWw7+6h0RKM1+8Sl8vWqDPc0Jnsuka+uY76B/1XnJt3lcmcyljg/00V2Llg39ZtGe4Wgdji4D5I6BI3BdbmDrrJcftfnu/lrvtb54RMDGqh1hCxHz4BrTXPrFu3695xP7+j3Td+wN2US9/AWQaNuAbMfGYoEW9KgyVY7oERYdSewPAgcuEw3D5ZHNGoZoOWkt0vboSHf9SXBik0POl1H55O8ABO94ML6bf9GV9AGFX6NXDIjac+bIMEFK0kw0K7S3XOZurd7DJMdMOISszO51gk3Xm8cj7YttkuZVXGOfOwBSMuKlY7WXvHpUtD4yW9p/dIqHeyv0Jl/u+UExUHjp/Sfr18zweLD3/s5/eT6TfrZ69fpcX6s/fQ1uvgrFzh+9mu6eJrTVugr/3uDrlz9BZ15/go9+I0VOti3M8+mgI826cw3rtADf3GVzrz+Ll35h5/TV751hR7+xkoQNH78bzfoi09foT99/jpdvHrTy+NH6WdGbg2mq9eDT6/Q15ZZ1jr97L0okE3xTCmlQxvsvkGn4kfQJih0axnfu0BHowAxDiR3Xj9JB3sLdPSbS3T52iqtvr5Epx5doN6BPg23XJWcr1s4sEAHnzpv8l1+9SQd6fVoIfN4XINoGzRuLfdN0Hrkq1aPleUBHX+oF+pxe4uGz7BuR+nUq5dp9c0hDZ46SAuPHKHDwZOdchAyWtR9R2ma9Cs+x21RPV2Rmz0ZKNXVfrd4LivfXcZ8o+BrJ3mr2+riZ7+i/F6BeMf4rupJQnx6esdWvzAgait9Wu1VlWftXLc166ePq7zd9zL6loQk7c56jOmvY1lrYeyg65zaT0lBTtc6pfnSp09h/W0fR9CYkjNgldFFd4ehs2CoKm8iLYYeGlFj4JDIGy9B7kZY97izx3cwuTy21CjYy70YUZeWBIdE4fpFkW9nKbdfv1E99vbBI89ATT6LWaSYcbzcUcJ2KsxgZIXu0DD5RE87p6YfKYSi+Xq1oD482e4oU099YVLngL+81S7bFXp+9b/U5VHQ+OEv6Sv9K3Tw5Zv0scpFf3iXvv30FXrwb2367//hmlkb6QM6ziuBpA8aP6X1H66EwSbnk0DSzzRu0RLPar74Lv3+s6BQuvLiFXrgL9fpPznZ1euLF6c8u6iLLO13agP2Iz3qvbBC8oTavORy+DzZh88bdP5wj6pH0W49ozyy3lul0wd6dOyHsoTAKXV7ky78eY8Wvrtq5UrQqMrhnHtvnaaFKCiNq2UHlDpfSEQfXqaTvR4dPuPKEyG7K0Y/0WP39ZPU6x2hwZrUlogkkFTBnb3xFp/qhDHXxSHtmPvUTF8tcK/8XtVnOc0Hb9LnHCNOD/2CKr8UtHDZwTnbl+NAUrBUOtkU9tXxm6x+5rJQL5E1vW2d/8o9udIlh+OhOTNme4nUmJHcAOh28/vxTbZpD5mRYzty/cxNDPHn1XJr+qRsvZ2mv/Z25/TlpRL6L62zPluz32Ajid9XM41GquE1wExjijjqFMpJeOMLZhtLjpLlRA7NNII10qzDSZWZPEWtl8waW/AoIdOpJ9egKMEGjfYt6iQYNAP6DAPEnFaZTpV2pMxAlJPl0pIZj+gmpObS9JRzcpPajthBWjcu0jrOoAwXXNW9CPO1N3/t9A2Dxt+/uWqCwaXk7V4XAPZX6crHH9LPvn+FHviOC+Z0za9fN29u28fT79PZr1+hB158NwxAieg/L/GnmtzjabfO8vGlDbpy/Wbw/5OX1Yykq1fw6FuXPcP9rm0QBom2jRbUIDhaXKheelGPrk0VzOPtQ/Tca6u0yrOM6n/p6+yPnA8zvu4wnf/3qOJufeTCuXDw0rnaBI3mxZ3Cm94bL8m6zZoXeEw9dLAWDvLePysuzNkHVqxwpo/revAyHmv7NqDT/cDIcjN/6WNRJ8X1Ua+LjBVGp3BM0PICHdyB2IicC/tr5Kub6iVCJt5G46OTZ9u/aWybfnvFjGzQWBqT6yof8VT10jZQJyE5N5a/FkYDGnF/VDPNhjEfuzG7HKgmmpgEYRXakeS15YZ1DZmYCaZlBI1CTG2jThEN8gy+Apt5vOskJcECpxunXFqjplSY5u529V0/MZpQvKpvZKRhvuhodIMefz7+pqLMPsm2PugLZxoleJRrM9tZvxSTON6w01gC3YJGHqSql5xyHTPimj201yUDkQxI/s44WGiQlRQ/orDOXjvZTJ3rgqtPtmjpeX6svEo/M099w6DRLF8wgWGqjj3Hgd6v6eJzV6haF6nyuk88mcDus5v0fP8KPX5JAlSVz+jogkanr18CkZkBP/Nv1UzjnQ8aw+ChVRusn6WF3nH7KNk9rj79VjUTx7OB/uPW5nF19Rke7vf1ttOny2w6xj/FN7rM2NmfzFwq7LKb1kHOVFurR7T20p2257jsLRp+uUe9M5nvMiSDcMZWOY8KGu36LmXfSR+v9OO9ym+zbHWdW8fon9QYXcLzRlIiP9SxGrAtUy8vVMMcxf66upZPh3Ibg+GM/PGS1HghdlGadU0KiHTm8xO2V8xo2kGjsUttT0mdcgm2bev7XOFpkeHBn8KztsVtbm1E+QyZ6InZ5VTxaep6Y+fqZtHkybRNYGPyoycjzDR6pn5Hdwp2pPyp0C+6fUAAACAASURBVPyfcZRtDIoblwf2KK91lPbuTO72K6eVL3OS1LSDWWk2nafi9V18Q0k8MNcFcU3n2V9En9cJSmxxfZB/7ANub2mDaLs4sOcK37O0TiEzcAS6cGd0eboE5U5GZSO5wVwKynV4ORdujTx198pnjR37WfHQuZirXRBWCq7sbKKsOxwnaPyAlr7TImj8+F36doegsaSvJ9JQL59vyjtjtcHeCp3u9YgDRRsgnqI39OvSKpDcudSn3oGz3m9ZG6qzH1fBpqAxemytsVgbqu8LVo+moNF9YmhaQWO8jot9cWT/vh6ZGzw/8J9Qa8I9px33GNxLyMxkhn3TMOBxwMho5qWDSmYcTFjoz6HU1UupN/mu9pctbCooMGRhTiWBT+R/GurFPDWjaQeNXYNxa+M8jtSxyXBwnOxyMT7vbEPWxbO9SPwgQWN8IxOwDg+MXpHdN/p9FTTKOl+WihdhQrY8hNqFtGysHEw4Z+GdRynAyBhJZUBRMBLLkOAkd8em9Ggzj5RURyWkHUxOOkcgRinJddumoK7pfBQ0rr4e/Qxhi+uNelPkk1SXO6p7HFA56yRXcwLraALPOkeixbDTsDZjHWLZydirms6L7MghS7KbMTB1NDyjwawhuKoLGpsfT1+n1c9qHk+PbpiXaGwAWH48Xc1aEtF76/TF/hX64v9pWKvYUC87S2V9wKR9z6OOgxh/wrZ5sQ3cdxf5EbH5BE80AMhs4OFXRvZTPCrAs0GmDTh9cbkdE8hEb2lzvhaf72kTNDY/nh7Q6u2ax9NrA/MSTdUXM3bP9huxCdaESZ9W9Td+OumfLDvsB96f1/lJ09f1NEOko+lfdm1iVQ+ljNqN/bVlrMcS5U8y9bairF2Z8SvioorqsOvGx4YrAuY+b8SC0zN6B9dm2suLywZN7fTTMux+RjdzwvKrb6uK8UT+2t+0sDxte5FuKmiMnxyl9eKUMf2+BI1r+mkZgsYM48joEidQXRK/RGLP8PV6wK9/nBnePVay/Z5x5CxPG5E/22kndkL+YuPIOg6ObsCtewRYOxOpgkYe8JsfdbvH1fELNVPk43mYndBZTDoDbBx+3WDjC8918Mhp+Lyy03Te5mMdwrtyuZ4bwy1jMLYQ2VpdcMUvq/Dj6X7+8TQ1vQjzPzfo90SUfRGG/mBfXGl6EeazD8yLL35NI9kXYR74+nVa/UjVkf5Aqy+v0IMnr9OVP7Ivtb90U5yRnIFtjd0GboDsffk0nf5y/hdizLrHZ56j5w736NTP1DSkexGGb4C29Kdz+OWSEz06+IT7ALirb/yiin3jObPWUaE19t3koz5seBHmr+y3JrMvwhB/l3LBPGavBvCM3WeCEKWmneHLBU+m7truWbY+tp/gCfuP/TRPLD/OE7/Na1hFOuTWSHp/zbotjswTgWLdS/X2azTt8oPq+kDrDgfR+Fi4Mgj8fJ4ptpeT6Rn5Mtrp57P7Ha1bNYYzLy5Dry3kG7Tq+5PT8tc6TohsLwgSbTtqGzP2VDO2jO9zNBMPCjONFQrZyxhd4lBs3nzQKHJkq41B0qotN2hjRy45hEpMq720g/FlldGbztHk+KUkHnCn8Hiag8XsL740yRc9eDslPlpk6igqTjpf8z53PBus5QaL5us5R77zVtc2ne/wKz9s69GAJsFV8iLMy6v0Jf6+IX8D8UfvO3XCx9NEbT+58wEt8bpG+eTO9Q06y5/ccd9s9IHdRzfpef5cj3xy5+o6fftbkq/6TuPHoxv0MK9l/IurdPYf7Cd3zv7Nipm1fPJ1tyayKWjkGk3RtoxN1Th33565NuCT5jM7fAOZmQ2U8+YXYtQMlBMqn7pZePQ5uvAmf3LnAp1+6mD4lrLxc4fpyCMH3ad5Vmi4eNx8r/HI4si/ue31VDvGtnvH6NS5s3Q28/+GMw/Ro/6TO5t04cvqkzvXLtN5/uTOgSkFjbk2SNqZ+5QLGl17JJ8sk0eHioP+UoV5nBjLNbLcZ728Hvm18cZf80+6uny1N65xOaLTXQka8/XJ+rGS3kp/qb8k6a1hJB+eNicy47e7oO7zNKZv+ieA4c2CHSP1OD3GW+Ja6Zw/l5t2k0/78wzLTBBZYjSZz9F6VBXA4+mKhdvLG10uuGsVNDZ0ipzcWKU2eeJrcsdJB2Pdosfq0nkaA1k34E4y01j7Ae8OQeO0+AgzwyAOnMxJto0OM7JmEI4GcJPWQYYplzuvfiyV24/Kkcrwlsv0A5Q+ke4zyyRvTVs//PwqvbyafoczvBHIfNz7xXVaz3zc++KLV8OPe1/NzAb+Vn20++krxB/3XtdvT7tqffwfv6Qz6uPeC9+6Rme1ri2CxqnZ1qRtwHVyb0X3DgxopGcMpRndY+TSTwfu/Iv6qHbvIB156jQN31EzkmKvNzdo6atH3Me9j9Gp10a0mytPyuVbT/P75zm7tGnanyQf937hAo3i5/+37AfGg497v8kfOdeDd6FfZPuuVTbxgVIHU3cdLLi+zv3d9Z3kWvafQb+KBngjU83u87HXTfsSeclAlLFbw9TnD88lR8VxRjFqKysRrhPy46POYYMszVLOKl18gFbvCxPmJuAq21njMjLPINRFz9yJtsFWt2XS7kFOd5PfpGONv1ZBpdyEBCXEQWNwUh2wzoF9qnPRbtbvKz10dgSNmobZb+oU1tjsT8TVNbwTbAKzegPSDjVWZ2qDVrT+o9YhuQ5Suw6mKahrOm8qukmrevmPrnyr6+1gVcdPi2zc146hJrNh551exjkKv5oOG8pg+8jI8TqwTdbZWvVtOX+J2zHldNKjrpxY+h04Np/cuUoXf1Vflv3kDq+PrM/X5Syzm4Zt7fs26AJtlnnNJ3fcG+SmHPbFkb1mgqe4r2Xb1PTZsA8mM3vSr33fj/qtntWLOORtwAWOKjANLttu+uEHdT3L8AFRIGXqBzHPYqCW+J0pttdUapV5kalOrm7/pG76wvH9tZWS4RQFy01Bbt7eKh3TNoz6kcnKeoR9gpMRNFYc3V7+ri/OZmajag3HXZFxYlpWq9lKfcEE+8YJOsPPOs5AdjkQMdkyv/wSXN4y6AuuUQfmxYa6x98q76S7pi1LjrsoPF52oBx4G7sQuW3vGiV/6y13+A5Bj7GLnONoXeBEGdd/tEIL3/o5rQdBn12D+MDTN1wwaF+Yefj7vyQ9t2k+As7rKuP1rhNpNI2L91cbTKPG05Cx8coROvTo+Wg2dY9WzxymcJY1mtmrLdy2RdNgWyui9mRp3GhnA/rt1NpisifblZG99I4mzlN7jV9xG3ClwdT4EuMruT0LvthMQtWV3dEWxvD7CBrj9sIxCIDAnSew8XOzBtH/7N/1DXo5XoPIL8y8uWrWJX7xb+xPEsrPDQY/D3jntUeJ0yTwznnz04UHnxrQkNdfXrtMS988an6Vpr8sv3k4zQIhCwRAoC0BBI1tSSEfCIDADAl8Sr9/9xf07edX6E/dx7gX/jJeL8nF8/rIG+b3ph90+R7+3nX6ybsfzlA3iL7TBHbfGdLpp9y6yt4CHXriFC1dixc+3mmtUB4IgACCRtgACIAACIAACIAACIBAIwEEjY2IkAEEQAAEQAAEQAAEQABBI2wABEAABEAABEAABECgkQCCxkZEyAACIAACIAACIAACIICgETYAAiAAAiAAAiAAAiDQSABBYyMiZAABEAABEAABEAABEEDQCBsAARAAARAAARAAARBoJICgsRERMoAACIAACIAACIAACCBohA2AAAiAAAiAAAiAAAg0EkDQ2IgIGUAABEAABEAABEAABBA0wgZAAARAAARAAARAAAQaCdyDQeMODReHlP2V0rUB9XoDGjViyWTYHlJ/cawriUy5fRpux3J3aHhiQMPtrLZxZhot9mmwlss7ouFyLj0R4RJGNMhyYH161Bu3nqXiuqQbVj0arHW5aJp5mU1a/s5yn3onCnbVpniu1+KARnetXkTENtzL2WFcgR3aSWw1zjPNY2t3fbHhtQH5/c7FzIENJzrnbSrJ1iWh6FOahYwWe8aXdfEYiVS2pUn6QyJwwoRJ9Cmy7OafgxpMok8gaNoHbIt2HDE+7W76+mlXbZryWvvKaRWaxi3xmLOzPBwrdonljKux+I05CRq5c/apzwFLT/0vjshUWKfJftHYawYNM3CPGfgRWV3GcJRch+wgaAwzDVDyjWrrxYFr4uydnGwZOWHGSfYyOtl2SIPbnJDZpJn2LrZtrsyC7YidFLeF4ClrI5b9RIGsYT7mDUtUbe687QNYdUPBdlLDNuhrY9h5pGbtoSnLl5HandWl0Eb1ko0vmdSGu9qhaZPE1qS9SzdpuYrYADPwg0auyHLXZO00Jy9K6+orosv9oZPT3g79leFOg02GmeuPzKAmNx71WYOz3NZZ3+nqOFa/nxafQNNpHNigUfpH2A+b5dt+Gdli82Uux4gGPM4n/aQa87Pt0Fr+GBndWJjYcaNd7tAonsARWXH92M+Zcw3+zNhMlSe0S+cXavx3qfahnFKuhnRnz9w+cxU0iiF79QszDuwcyh05HICskVdGmTjjLo2wPaRBZ6fE+uQ7WbfGLA88po4d6hE4V2cMlmfIzrfDHdvh8uvaNqfIGDoXB9xCWzGj2NktDrIzkjkNTRqX6YOkYq5WJ3J2s1OcrbZMjTPmeig7iQOdO+ew43Yu2Hato7Uykv4cO+zkON8XiVJ5ffMUoFWTpJkC35WrX2kQ4IE1mtHO2WsuLdUiSTFtbm7G+QlHcrp9QuA32l+Wy9nVf7EMb7vMyunibcHwU+2pbD4tn/PlbSLXz9LrCylT5FMoYczk2BYzwU+d5MCuJWPJluW8bOOyJZ235XbQuSbdN7amfULJNiJfmSvXyIr7qsm4Q8PlanLKlsk21vwEx+R1OvG+9cnMpgomc7rUpVVy6nLVn9N+494JGk0nZbA1gFs7WtcJtHHV7HNA0Use+7Ee+WDVBmjlMqrBu5LRXxxk7tCsIXYzqKjjBkxq2NXbVOeztiOFfMI6ZmaeXRtUfLjY9jr7wCqos1J9bVDdjGzv+Bld0+niGd6SDCUu2OX8WQcT5EoOTGeNrss5AcszN/gxH5ceOUKWXb75SlSZXkLMgvWK6iiFjZajAEpOFLft7cGKkH5onXKOiWmDTP+vZRcMrlGfcwFqaMdSoRkGjczdL0tRdiFFd9kaWbmnFV2EuLwsqzR4N4nL2Y4fC+ou5vqH/keCzvb+uUb+NPnUFBOfKtmq1M1uC7416YNlRiKPbdiU2ar9pK/luVe2GddqNsfsM4t9OPKVeQ0sn6wM1/7MKd/PK4nWd5eY5NJd+yXtVcnUe7nxQp9v3Dd1kbHlXppp9I6HG7IQlfs8DZgCh9+QVx5b8zrK4M49o4c2xFwZxtlJ44TlFhveXBMZ1okBDQprE2M5bZxMtlOE6k3lKNSt+a7MFiqco8ewvC6RZwP9GkLbwU0HztrBiAbK8RkuplO69O0hDb2sOAhoUX0us2Un19JYj6oOrsb+DrTKGbKr0oM7eG1/zm5j2frK2eynA4e96YpsOBOk5fi1sV8Z4HLXx3XM8U7TWrR/0L91fmuHZe5V0GjqxjaTs1dOSxjlfYetI+sQ+cUafxNzSY6lfNVnkjwqge1T69tfHpqZep3G+9w/47xN7WbyKz34uMxXlBK/Icduza/ICdrP5enCqyMfpcWMdzP17lJixMWwb+3XdD+IC51Qr1hci+PETqTNkn5lfVPX4C/v1+I+yvWO05qUL3Bk+4yfiBXq4vud2HuxyNRvzNFMY4tBQwGInYIxXnXeQ/F31mRfSGmC5Awnll9kWnxknekEftCuBoZAbtEpiSwVGLkLE8PndJGjZstsdjYA5iyDR2ywUk6g1Z05EJ19aaxL812anmkUFryVDs4vD5nHcCxfnBu3cWAHwkXZoMs74pdXnE6ynwYRXunyDpcp5ZdzJWdyZen6yQW5NHvOcqz6g9RxQEMzkPdpuJwLQMRGpIQpbiO7LOs+TpmT2XCOd5qWc9q8kD1cryU2SCT5edvEtfINvtzEXlv6Mo/P2oD4ND/jzueNv2vSyQvyO9xmPb45Lb106HPmd0qL+ptswZSb9fNi1+Vt1R6sU8ZO2EcYv1C1QaB94qOCs8HBpHwCYV0PTJumHGz9M/XuIl8HjZ19mvSDXIET6pUTmaRx+RWXMKjjlxTVC3jeFlhIO924zaWPmauiY9PXgnHHLbNQ4wKPV8m7HV5nOxaV+k7lZ8KKl/qU9y9hdnXE9a4mLcRvzFHQmHFcuhFVVXKVlQFdN3DRwXAjBR2rCgy4GJafDrKFu2DXoKFDYikZQ3OGWOmqKsW7JafE6cawbCNWZcnsmCtrzT5SLck3Rr2oAqYk4M3oHKk4m0NbL93hsvyyhYc627bTtsTnbYDkuXHbR513Z01eMLL5TaAYzC5K+7QJZDOKBvaW2ldY9+r6nK3nnEAuzUpR9anEmj1jD2vh+hs+UZYVCZjKYdh+k4vsJo/r6vv6iSEN477v0sL2yQ1+UZpe6mCCRm7z0M/k61oFLL7tM/aaG4Dy8phH5fg5j+kjaqCygWOXl6ucjMURlXxNXheVGvctcyrVVV0x5d2MnYzrnzOaGcaT8MnIbJ2U2Iuua8zYBVKBP7R5fL/wQYvzW5y31p+V7DwM2lL52m+3rm1Nxqov5TL5/iUndbzhbMGe0vyqccDr7/qS9acizPrRwG8k7VLllb1EJznR4trpBo2xnVR+4x4JGiV4YsJRAwt0vTVBWF89btQny/vdBtOMHsYQ5TF2xqCNXukarqpclll1yOqOwzZwHAiFNXGMlPGl68UyOodCpn+0vUMjHrgDp8XFtNUlyscM48E5TlMM4grFHV+f5w4tj9V8AKoz1O1zmXqgrsvrzzU52Sj4TBiyIOZT2YwX7YJDdmpVwCz5p+28danxvgxaw3SNmXvUkrLmOkV19zdvo/yXGPRjm1I7GDsJAyzWNnXkrHPMNO3PfJ0fWIx+hVndoN0qOb7cnL3m0mK0nCczs1n5E32BtrWm9rf8uV3q+ouWnu6nNyulQS+9llNsvy/Pygj7Ul3s9cHLQNz+fplR1Q6+fD5fsh2fSXSrJhmCwCHIN6ODxDbCunq74uKNjcS23KDXONcYkbl+I2Wln5yRM7atpT3H2GbbTPyOPEeyLLyvMbYg50J+lV7hDTb3hbC/Z3QN+rqWZPeDttGnkzbVJ2U/zzff33N+zckx7Zv2G5FzbwSN2yMa+fWEqoG58jmDad35pTHsVqCFqaUj1qPeaIyRaSPK6cVp8Z2eP5bO7srSsiK1/IyAN77cmkHFLrp+Zoe+jQq8fF0dy6Q9Q53N42h+3KpZmE6gvj/pGUS10neawSmrm3b+pu28btIOwUXhga9nmDzOUc4Oc2lWNuue1887qLVh9SZtzgbHUbLtNdIWWge51th+XnfJEm9Nu/CaZr/+1OWIHonH1/Ex8zBOP7Ixz8lflDrn0B6sHD8A+cfTuUDJC3U7VbDiyxVGJlDK+BRjh8rJi8/QfUAVU7YVInkEpbJndu2Aa/oDl1UoJ3NhkOR9kqT6ekpC3Tbs99mctbZs+3QyyKu6mDZVx+ZJUGQb2XLdzPKkfPKyW6QmHENWuv3Zxio7bZZtmLRiYGX5PsU2KmvtxW8yW9ZVjqNtF72aNQ9zmHq4de9cvmkr7f8Duw75aUmaJe/HY4Q+NnXV9qQFuX3Ni+svehpGDdeWbrq0jrpI718ksaXfmJOgMXXCph66EaVi2Tt/dVI7Vj27EBlkaKjK4SpRtgGrQasEX12idjOGFhiiTHNX8pudEstU+X1plt+g9KapflTmHYp1/CGH0oCUK9MXPv6OGGnWCWX4ZUvS+WTGmesmbSp3sJzPOUjPoBJoOqf7jI4w4U5rbaC0zoRnjkZ+zWMlLbPHZWbrmckrSbrdJM3NEKYOtfTpDFtvqZPd2vYM1ns6h8T1TWWrwqe8WzmuOKBS7dW2TM9Y2lwuFFuvs2PXh/jFo2V3o+baq9JRy4tl6Zsw1l2ft7J53mJnuelTN01Bo5br9OF+1MG2uvkxqbPamn4reui+pvK02Q2Wx9j2DgbZWhk5u874ryIXvl58hCtoYv+s5PiZ6An41Na/5iT3g2S8U3X1/aSyyxpp5pT1gxm+Uk6Rs5IcTO50XZer5Ey8a+vNa7olWDS+OctN6qz4qfJ1XzJjiPAobRsCP+1rtGzK3VQrPewu10v0bbdt39+qWdU5ChrbVVI6Q7ayvtF1A2tn7ii3crKpEysaRdYQWjglc0eqdG3Ui2WKs1YDo7uOHzfLhHpiT5LAjLL6coaMznLdtLfiuIp1bqtLla96XM+zRparHqRN+7FzyzFgPbyjl4De3oHqjuwxFPX2OcIdqW+YWn/E1/jgt8oaOJMq2Qa4SduGA0N1bWRLxq44r7JHJXsmuzFDHSR35WVYSd+wA5LxEXG7FioibSxbeSQmNw6hvwmZpiLj8+qY9UnaSEuQoLGy62qGQreZuibmqE7ldisbyJ1tTmNG2oeYflVbp5JMVZ+u7d3GV9VyUXxFvaRtov5QK0+EuBlrxWN8PpXMTnvMUpVvbVn1DTfu8KP9VjeIpm+lyzZEp9b2ZOQo/+Lkypiut2F/k5KmsxV9eRuUoyepAlvI2IpTRWTxYSwvPq76cVoPzqvrX7tfDNCVn1FFaB1VcmbZjT6b7ouc+QgauYH0gC366kaUtOxMI8MSRxY3cHzsAoIieCkochjFGR7JH2/blTtaU2Eed6JavVimBNdR52MnoQfdWB055jIChyIneJvRWZ+WfdNe3RbOy6Vmqzsk72fr3FIX0Xkt8+H12H5kZqOWgWhazXxVgYSca2tDKn9j26q8slvQUzqvZJNtVk//aNTmqq6V4KRKN46qaBuuj2XbSjTotk31dW2+xv5A2XeDWK4T6x4OgK6vtNFX2UmqU27tT945V2qGbOPHRrky0mstbzOorclsNtdJD/7uqmIfqqTqvcoGdGrbfaWXvySX5k/W7xhfwOtZ27e3FejaV82scPuLLfhBt9j+ztb8sqZ8n+7mn1mzHItcWgYLs+D6FHXOXNM1yS3TsJwytqTliT7ul9mCAEvla2tPid0X/JsSPf1dY292zGW9S3UyT/2KvrBSS9c9lhcfNwWNof+qZvaq0vJp1Xm2s7RNtY5V3pxf02fTfZEzH0FjyXiUM9dVSIxPn5QgQjsDlq9hsuE0dUyTJ/ykhEALiisetHNKweWsZ6QX19U7QOMgU6OoeMSDVSDdHpRYm7MZnTMijPEXdMllr00rtkVLXXLt7Qosrs+qYVDxrgaxiq+qSVFvlUfvZtpWn87uF/Qs2WEbPf21rH/gFNnhVHXO6uMGxDRAy+euTS3UzX5BIA4AS5LsYCzBQux0jZ1G/SmRFHHIMaxsQvfFtB962YltxM68BWvHh8uu6sV9IlNuUp7XJLvjbSB7tj7RsAjsxuZnmYGPrRcTnC3JDDIlBymLpF7x49BARsa/NHFs0YdLdWnFh+VPy6+6uhp9jExnu9x2ph72W76BbflfMbH9So9FVn9t/+F+JSeAXB24fsb6+EDN2XiVadZ74fjIdfK6xEU7fePk+FjbXCzPH0scU1dfyaMK0LIlOZcm5+KbU0kvXRO0hWSu2YqcuQgai8pnQHKdivlNhTPOIJptaV47qKaalSMRaDVc1amMHkqWyljt5owqYJA6yrgu9Wya1pFkdK60C/ea6hLmLh8V5bTVpW0+pULC2TlJWRCtsvJulmlR7+hiOeQymwIYySvbRE97omSHWT0D+6nuVFlG5TCZoazlawocLY/cY3NRu3kbB1HVFVyHxoGT2UeDa8rELkvh9HIwEw4irEWOYZpW1t/UJGk3nV99xSCZHdUcpB1s29inA7x/F4NGrpe++a7UdU8puO0y+gX59IGtGwccpt1b9A/bnmIj3bZhYMNlC2OnU1OfTtpV18X51mL9XTsWz7fUISoyPKz8mEw0VH3c5jT8fNBv81sush48lChHfF0sS58L2cqZaivLhTjFt3UTz+ry6exFL8Ol/VoVw7bgOal0v1vZLrOxNhzak560ELstMeRAPmYocn2RjU87tZ+prsrJ4bO19a8u93siZw6CxtRxey0zIJsrm3EGXqDbaXIOHGRqB2YGqT4N+MObrX97WpxE5Ni03EgvaZQoWR2yTO2U42NZixcarxJg7zKLnaEFOyesq8EFOugD1xbJ9/H03XG8HzBsqzPnU20RMdAdXKvH+8bJxTrwcaCHydl5IbI491ygVCw3p4tLi50S25ROszY2oqH/KHPEzwQGenYrplHVU8vN5cqn5R2brCGUpROsp2GSMM5LrfqOtLPqJ65ObQLdnF3n0vJa2NRKF8nl6mz0yOml0viSeMAy/ofzSN2UHYsttOTE4lP9RM+abax7LqvR0+rWaBtGXuSnpJ061EWr0a1eBZY1ZdfKnxKfrram68/7eg13eE4HiPqMTW/qa1z3UpvWcikFJ8pWQh+obTuyD632FPZrWbN+JVtwuutYgBk0MbQqW7uLWeYY6jTWVTjF11YoVFuKX2jYlmVVUmVP9LnrQSMrUlScO6IM7uJQDIQ6Y+JGyZ2PgJYMwjjmyIkbagUnoxtFdPX5Iz0yhqiNgY2iyCKRyfWJ5LvWZabWwDL1YI61dc/LdKLNpraz6Yxt9jNM2lxW5eF2ydSzyhDtlblFGf1htr6yPtLnuvs7qZ7qZSmnnhlUlt3PK5o+lWlv1dfq7bFrnXNtJf0qo4d6HF60Z6OCyGDHmpPDmXSesr2kDNvWUfuXSAc3yHhfVisyumGV+pkgP8cvvxavrgiuox7w6vLyOc7fTne5aZUBLuLAwsS2Al8ZamDK0361aXbOXS6DWiitdMQsI/0yvijWJdcfpsWH5eTkl2rQNt2OB2WbN3JMu5TzVGOKtG24zduT7XOt6iR2Ie1eHKPa1ro5m0eKMwAAADdJREFUXy3vjC0EEqNZS39O+rrUI9lGNucuzE1apPac/iKcL5d3TNnlNgzyloL5OJM6Zl7czv8fOk9ixDiCVhcAAAAASUVORK5CYII=\" alt=\"\" />','2019-12-01 08:43:47','es<div class=\"para\" label-module=\"para\" style=\"font-size: 14px; overflow-wrap: break-word; color: rgb(51, 51, 51); margin-bottom: 15px; text-indent: 2em; line-height: 24px; zoom: 1; font-family: arial, 宋体, sans-serif;\">指在博客（Blog或Weblog）的<a target=\"_blank\" href=\"https://baike.baidu.com/item/%E8%99%9A%E6%8B%9F%E7%A9%BA%E9%97%B4\" style=\"color: rgb(19, 110, 194); text-decoration-line: none;\">虚拟空间</a>中发布文章等各种形式的过程。</div><div class=\"para\" label-module=\"para\" style=\"font-size: 14px; overflow-wrap: break-word; color: rgb(51, 51, 51); margin-bottom: 15px; text-indent: 2em; line-height: 24px; zoom: 1; font-family: arial, 宋体, sans-serif;\">简言之，<a target=\"_blank\" href=\"https://baike.baidu.com/item/Blog/70149\" data-lemmaid=\"70149\" style=\"color: rgb(19, 110, 194); text-decoration-line: none;\">Blog</a>就是以网络作为载体，简易迅速便捷地发布自己的心得，及时有效轻松地与他人进行交流，再集丰富多彩的个性化展示于一体的综合性平台。不同的博客可能使用不同的编码，所以相互之间也不一定兼容。而且，很多博客都提供丰富多彩的模板或其他个性化方案，这使得不同的博客各具特色。<a target=\"_blank\" href=\"https://baike.baidu.com/item/Blog\" style=\"color: rgb(19, 110, 194); text-decoration-line: none;\">Blog</a>是继<a target=\"_blank\" href=\"https://baike.baidu.com/item/Email\" style=\"color: rgb(19, 110, 194); text-decoration-line: none;\">Email</a>、<a target=\"_blank\" href=\"https://baike.baidu.com/item/BBS\" style=\"color: rgb(19, 110, 194); text-decoration-line: none;\">BBS</a>、<a target=\"_blank\" href=\"https://baike.baidu.com/item/ICQ\" style=\"color: rgb(19, 110, 194); text-decoration-line: none;\">ICQ</a>之后出现的第四种网络交流方式，至今已十分受大家的欢迎，是<a target=\"_blank\" href=\"https://baike.baidu.com/item/%E7%BD%91%E7%BB%9C%E6%97%B6%E4%BB%A3\" style=\"color: rgb(19, 110, 194); text-decoration-line: none;\">网络时代</a>的个人“读者文摘”，是以超级链接为入口的网络日记，是代表着新的生活方式和新的工作方式，更代表着新的学习方式。具体说来，博客（Blogger）这个概念解释为使用特定的软件，在网络上出版，发表和张贴个人文章的人。<span class=\"sup--normal\" data-sup=\"2\" data-ctrmap=\":2,\" style=\"font-size: 10.5px; line-height: 0; position: relative; vertical-align: baseline; top: -0.5em; margin-left: 2px; color: rgb(51, 102, 204); cursor: pointer; padding: 0px 2px;\">&nbsp;[2]</span><a class=\"sup-anchor \" name=\"ref_[2]_4904688\" style=\"color: rgb(19, 110, 194); position: relative; top: -50px; font-size: 0px; line-height: 0;\">&nbsp;</a></div><div class=\"anchor-list\" style=\"position: relative; color: rgb(51, 51, 51); font-family: arial, 宋体, sans-serif;\"><a name=\"1_2\" class=\"lemma-anchor para-title \" style=\"color: rgb(19, 110, 194); position: absolute; top: -50px;\"></a><a name=\"sub4904688_1_2\" class=\"lemma-anchor  \" style=\"color: rgb(19, 110, 194); position: absolute; top: -50px;\"></a><a name=\"博客养站方法\" class=\"lemma-anchor  \" style=\"color: rgb(19, 110, 194); position: absolute; top: -50px;\"></a><a name=\"1-2\" class=\"lemma-anchor  \" style=\"color: rgb(19, 110, 194); position: absolute; top: -50px;\"></a></div><div class=\"para-title level-3\" label-module=\"para-title\" style=\"clear: both; zoom: 1; margin: 20px 0px 12px; line-height: 20px; font-size: 18px; font-family: &quot;Microsoft YaHei&quot;, SimHei, Verdana; color: rgb(51, 51, 51);\"><h3 class=\"title-text\" style=\"margin: 0px; padding: 0px; font-size: 18px; font-weight: 400;\">博客养站方法</h3></div><div class=\"para\" label-module=\"para\" style=\"font-size: 14px; overflow-wrap: break-word; color: rgb(51, 51, 51); margin-bottom: 15px; text-indent: 2em; line-height: 24px; zoom: 1; font-family: arial, 宋体, sans-serif;\"><span style=\"font-weight: 700;\">——博客资源的选择</span></div><div class=\"para\" label-module=\"para\" style=\"font-size: 14px; overflow-wrap: break-word; color: rgb(51, 51, 51); margin-bottom: 15px; text-indent: 2em; line-height: 24px; zoom: 1; font-family: arial, 宋体, sans-serif;\">选择高<a target=\"_blank\" href=\"https://baike.baidu.com/item/%E6%9D%83%E9%87%8D\" style=\"color: rgb(19, 110, 194); text-decoration-line: none;\">权重</a>的博客除了利用工具之外，还可以“问问”<a target=\"_blank\" href=\"https://baike.baidu.com/item/%E6%90%9C%E7%B4%A2%E5%BC%95%E6%93%8E\" style=\"color: rgb(19, 110, 194); text-decoration-line: none;\">搜索引擎</a>，咨询下大家的看法，然后自己去看看是不是好做，有些博客确实是不好做的，比如没有独立的页面、不好注册等等。</div><div class=\"para\" label-module=\"para\" style=\"font-size: 14px; overflow-wrap: break-word; color: rgb(51, 51, 51); margin-bottom: 15px; text-indent: 2em; line-height: 24px; zoom: 1; font-family: arial, 宋体, sans-serif;\">选择博客我会特意选择和论坛相关联的博客，比如我常在新浪论坛上发布<a target=\"_blank\" href=\"https://baike.baidu.com/item/%E5%B8%96%E5%AD%90\" style=\"color: rgb(19, 110, 194); text-decoration-line: none;\">帖子</a>，论坛上的这个账号我是没有开通博客的，而在选择博客的时候我就可能就会选择<a target=\"_blank\" href=\"https://baike.baidu.com/item/%E6%96%B0%E6%B5%AA%E5%8D%9A%E5%AE%A2\" style=\"color: rgb(19, 110, 194); text-decoration-line: none;\">新浪博客</a>。</div><div class=\"para\" label-module=\"para\" style=\"font-size: 14px; overflow-wrap: break-word; color: rgb(51, 51, 51); margin-bottom: 15px; text-indent: 2em; line-height: 24px; zoom: 1; font-family: arial, 宋体, sans-serif;\">另外在博客资源选取上可以通过在搜索引擎中搜索<a target=\"_blank\" href=\"https://baike.baidu.com/item/blog\" style=\"color: rgb(19, 110, 194); text-decoration-line: none;\">blog</a>，来找一些资源，通过这种方式找的资源权重相对还是比较高的。给大家推荐十个权重比较高的博客供大家参考：</div><div class=\"para\" label-module=\"para\" style=\"font-size: 14px; overflow-wrap: break-word; color: rgb(51, 51, 51); margin-bottom: 15px; text-indent: 2em; line-height: 24px; zoom: 1; font-family: arial, 宋体, sans-serif;\">博客最初的名称是<a target=\"_blank\" href=\"https://baike.baidu.com/item/Weblog\" style=\"color: rgb(19, 110, 194); text-decoration-line: none;\">Weblog</a>，由web和<a target=\"_blank\" href=\"https://baike.baidu.com/item/log\" style=\"color: rgb(19, 110, 194); text-decoration-line: none;\">log</a>两个单词组成，按字面意思就为网络日记，后来喜欢新名词的人把这个词的发音故意改了一下，读成we blog，由此，blog这个词被创造出来。中文意思即<a target=\"_blank\" href=\"https://baike.baidu.com/item/%E7%BD%91%E5%BF%97\" style=\"color: rgb(19, 110, 194); text-decoration-line: none;\"><span style=\"font-weight: 700;\">网志</span></a>或<span style=\"font-weight: 700;\">网络日记</span>，不过，在中国大陆有人往往也将<a target=\"_blank\" href=\"https://baike.baidu.com/item/Blog\" style=\"color: rgb(19, 110, 194); text-decoration-line: none;\"><span style=\"font-weight: 700;\">Blog</span></a>本身和<span style=\"font-weight: 700;\">blogger</span>（即博客作者）均音译为“博客”。“博客”有较深的涵义：“博”为“广博”；“客”不单是“blogger”更有“好客”之意。看<a target=\"_blank\" href=\"https://baike.baidu.com/item/Blog\" style=\"color: rgb(19, 110, 194); text-decoration-line: none;\">Blog</a>的人都是“客”。而在台湾，则分别音译成“部落格”（或“部落阁”）及“部落客”，认为Blog本身有社群群组的意含在内，借由Blog可以将网络上网友集结成一个大博客，成为另一个具有影响力的自由媒体。<span class=\"sup--normal\" data-sup=\"2\" data-ctrmap=\":2,\" style=\"font-size: 10.5px; line-height: 0; position: relative; vertical-align: baseline; top: -0.5em; margin-left: 2px; color: rgb(51, 102, 204); cursor: pointer; padding: 0px 2px;\">&nbsp;[2]</span><a class=\"sup-anchor \" name=\"ref_[2]_4904688\" style=\"color: rgb(19, 110, 194); position: relative; top: -50px; font-size: 0px; line-height: 0;\">&nbsp;</a></div><div class=\"para\" label-module=\"para\" style=\"font-size: 14px; overflow-wrap: break-word; color: rgb(51, 51, 51); margin-bottom: 15px; text-indent: 2em; line-height: 24px; zoom: 1; font-family: arial, 宋体, sans-serif;\">①<a target=\"_blank\" href=\"https://baike.baidu.com/item/BLOG/70149\" data-lemmaid=\"70149\" style=\"color: rgb(19, 110, 194); text-decoration-line: none;\">BLOG</a>= weBLOG = 部落格 =网络日记=<a target=\"_blank\" href=\"https://baike.baidu.com/item/%E7%BD%91%E5%BF%97\" style=\"color: rgb(19, 110, 194); text-decoration-line: none;\">网志</a>= 网络日记本</div><div class=\"para\" label-module=\"para\" style=\"font-size: 14px; overflow-wrap: break-word; color: rgb(51, 51, 51); margin-bottom: 15px; text-indent: 2em; line-height: 24px; zoom: 1; font-family: arial, 宋体, sans-serif;\">②<a target=\"_blank\" href=\"https://baike.baidu.com/item/blogger\" style=\"color: rgb(19, 110, 194); text-decoration-line: none;\">blogger</a>= 写blog的人 =<a target=\"_blank\" href=\"https://baike.baidu.com/item/%E5%8D%9A%E4%B8%BB\" style=\"color: rgb(19, 110, 194); text-decoration-line: none;\">博主</a></div><img src=\"data:image/png;base64,iVBORw0KGgoAAAANSUhEUgAAAo0AAACNCAYAAADSMkBkAAAgAElEQVR4Ae2dbYtdx5Xv5zv4U/jtnFf9QiAwCOeFIIwFwQLj0TU4wqATm4kSEiXxjBljFKI5ae4VcsaWwTQh0bXmcppEV74Ez4w1bY3co1Hn9GRC22jag00naaYTJ03kcduy12VV1aq96mk/nAfptPRvaPbetWuvWvWrVavWrl17nz8h/IEACIAACIAACIAACIBAA4E/aTiP0yAAAiAAAiAAAiAAAiBACBphBCAAAiAAAiAAAiAAAo0EEDQ2IkIGEAABEAABEAABEAABBI2wARAAARAAARAAARAAgUYCCBobESEDCIAACIAACIAACIAAgkbYAAiAAAiAAAiAAAiAQCMBBI2NiJABBEAABEAABEAABEAAQSNsAARAAARAAARAAARAoJEAgsZGRMgAAiAAAiAAAiAAAiCAoBE2AAIgAAIgAAIgAAIg0EgAQWMjImQAARAAARAAARAAARBA0AgbAAEQAAEQAAEQAAEQaCSAoLERETKAAAiAAAiAAAiAAAggaIQNgAAIgAAIgAAIgAAINBJA0NiICBlAAARAAARAAARAAAQQNMIGQAAEQAAEQAAEQAAEGgkgaGxEhAwgAAIgAAIgAAIgAAIIGmEDIAACIAACIAACIAACjQQQNDYiQgYQAAEQAAEQAAEQAAEEjbABEAABEAABEAABEACBRgIIGhsRIQMIgAAIgAAIgAAIgACCRtgACIAACIAACIAACIBAIwEEjY2IkAEEQAAEQAAEQAAEQABBI2wABEAABEAABEAABECgkQCCxkZEM8pwe0ZyIRYEQAAEQAAEQAAEZkBgzoLGXRq9dpbOnrP/b7w/aY21vAs02g3l7bw1pJX3osQwy0yOdq6dp+MPLVB/eWsm8iEUBEAABEAABEAABKZNYM6Cxh0anuhRr2f/B2uTVlfL69NwW8n78A06dcCWc/DPT9HStS3am/ns3y6t/q+jtODq1+sdocHanlIKuyAAAiAAAiAAAiAwnwTu26Bx583TdOyhKkDlQHXhC306/9YWzTSM2xpS3wWrJjg+0KchJhzns3dAKxAAARAAARAAAU/gvg0aDYHbu7SxHAaP/eUdD2dWO3tvnVazjT3qPTKg0a1ZlQa5IAACIAACIAACIDA5gfs7aBR+Jnh8jo4+ep42Zv6Imgvdo9Uzh91j+IN0/KVV2rkj5UqFsQUBEAABEAABEACBbgT2VdA4evUoHX2s2/8h/yh4gQ492nBt7vyro5Do+lJnHbI6P3LQBo0PHZmCvOfojdlPkIYccAQCIAACIAACIHBfEdhfQeNiuAZRXpiZ6XYxChrXBv5FnZmW61+WaVPn6CWfKZjw7373O1pfX6erV6/SW2+9hf+IAXNhPswJfyAAAiAAAiBwPxDYX0HjrGcac7OY8UzjfRA0ciD09ttv087ODn3++ef3Qz/oXEfmwnyYEwLHzvhwAQiAAAiAwD4ksK+Cxu58az65012YvUIHjSeGVPtU+NaIll5YotWtWbyPPYO6OSY8g8YBEf6aCTAn5oU/EAABEAABELjXCSBo7NrCbYPG21s0fGbBP8o++OdLNJpq7Di7oJEfvWKGsZ1hMCfmhT8QAAEQAAEQuNcJ7MugcffmKq1ea/N/mQaPyZrAozR4vc01nGdExcnBVkHjHo0Wj/iAsdebxa+/zC5o5DWM+GtPALzas0JOEAABEACB/UtgXwaNo5m/EFPzYkmLoHFruR98h/HId1do68Nd2p3Gv/+eI4LGeel2CBrnpSWgBwiAAAiAwCwJ3OWgcURL0csn1SdyenTwkfATOUtu6dg8B407b52mI53efJaZ0JZb/zY3gsZZdowushE0dqGFvCAAAiAAAvuVwF0PGgcdAiz5LWodNB7/8UbNDN4GXfiyBGPH6cI7dbN9K3Ta61Iz01jT0jMPGFk/HzTWKDLhKQRB3QCCVzdeyA0CIAACILA/Cez7oLH+Z/+6zMaNqApguweNW8sn6aAPOiVQPUSnXltpuf4ys97yrQt06pDIstsjr27O3NIQBHVDDF7deCE3CIAACIDA/iRwl4NGor1gnZ+eGezR6TfDmcE991N7eqbxrgeNt3dp9MqxYA3jwoHqreneI8/RG1tjGMetTbrwdferMS4YPbK4Srt34OcGZxMEfU5//OUebeyOwWLOL5kNrzmvNNQDARAAARC47wjc9aAxJK5nBnskj6PDPEQ6aJzNr7K0nGnMBXZ/9QZt7Y5o8IiaIXzoJA3fj2tRPt67OaTn9PW9BTp67s4EjKzV9IOgz+mP6/9N/2PpFv3Zj/6b/vXDe+uD4dPnVbYNnAEBEAABEACBu0UAQWPySJmDveagsTGwuxUFjgeO0uDNhg9m396h1ZeOR4+5D9LJ1zZpqp94bLC26QdBn9I///QW/RkHjWMHjjfo3JNP0rkbsfI2/ckfJCeCjDd+8CQ9+9NfuTR3zZNP0pOZ/7SMQFRyMH1eSRFIAAEQAAEQAIG7TmDfB42HnzlNZ8+dLfyfpv5hmfE7TP3vlvJx+ik65gPImqDx9i5tvBavXzxIJ5czz6BvbdD5J9Sj6l6PjvzVMH1Ee3uPtq6dp+MPia5u+9BJ8/LOnbaS6QVBn9P2+h5t8yP125/Sv17WgeNH9M//1X7G8Vc/fdYHfbyfC/Z0WhUgMj0OEp+lS78WkvGxpP+KLn0nF5jK+fx2erzy8pEKAiAAAiAAAvNAYN8HjXd8TePtXVrVH+4+cIzOr9cs1Lu9QytnjgZrHnsHDlH/pVXaurVLm2+ep/4XwsCSPwZ+9K+HtOm/yXhnTWU6QdDntL36kXkk/aW/+9gGjnSb1lXg+I1/+oQ+aVO1X1+iZ79ziWSe0ASNNTOLVYCZn1F89qeXzKylDjL1PmYa2zQK8oAACIAACNxvBBA0+hbv8va0/cWXhSfO06gmXvSiiWgnN5PoZzarGcaFR5+j4TstheoCprg/edD4OW1f/Yi+JI+jl24RB44fmGfst2n9/92iZ//xE/pjK5159s/NEt44R08++Syd+8GzVPc4ugoabQH8aLprINhKNZdpcl5dSkNeEAABEAABELg7BPZ90HjHH09LO5lHrnLQvN3b2aTV156r//D3M+dp9P4uyVvizVJnk2OyIOhz2n4rDBhlLWMVOHbQm2cZ1bpDfuzc6fG0zFJywOlmKzmI1DOLuf0uQeZkvDqwQFYQAAEQAAEQuIsE9n3QeFffnq5ruFs7tLl2mS6cOUXHksfP1cxiXv+DdOSpUzR47TKtrm3Szod38jWYSd6e/ow++Kd8wCiB41+//WkdteI5/Uha7xcvcCf8CzAqaCQqrV0spdeXgqCxng/OggAIgAAI3BsEEDRmHhG3eXtaN//e7i5t/fsqrSwv0eDbx+loU5D40DE69eoKbW7v0OabS3TqiUPhmsesTj1a+IL9WcWTL7gXel4d0sq18KPgG9uTB5jjBUG3afMf6wPGZ6+2WsGo0br9G3QuWdN4rnZdop1VLK1pvGFeeMnNMHJal1lGVnA8XplqIgkEQAAEQAAE5pjAvg8a79SLMPwRcg4MV69dpgv8tvYLJ+noY0eiz+OUZxAXvnCMTp0b0up7hfWKt7Zo4/ULdPqr7WUms5QnhrQ1hY9/dw+CPmsMGL+7Om7ASBQ8Tv7OJbpkPp9zyQWSPDt4jviDOzwDaQK+YFbR9b4grTSjWEqv78HdedXLw1kQAAEQAAEQmEcCCBp9q9S/CLP542OUBGmFGUGT78AhOvrV07S0vEqbOx1n/27v0e77G+1nLo0ex+jCe74yE+2MFQTtfkIX/059Uke9BDP41/EeSdtK2EBO1iPKo2XzBrSZfRw/aMRM40RmgotBAARAAATuMwL3eNC4S6PX5NuMF9I3nXdHdtaQZw5fW6Ut9ZOGycsotzfofPArLXpWcYEOPXqcTp1ZouGbI9qcwiPixA45kNzepNG1FRq+epbOnjlFxx87SkcftY+2Dy+OpvYB8G5B4x79339ys4h7n9ByFDi+tD5JwJhQcN9c5EfI+UfPPhBUj7NZSjBb+YNLhe8xYqYxRxxpIAACIAACIMAE9mXQSLfUb1J3nMQLmn17SH2ZLTwxpIbfa6G9awM6+hgHh2dpaXnlrrykEug/o4OuQeNLS7eIv7lo/lTgOJWAMXp72gaF/Dha1jnWzDSqa8/9oHp7WmYrq7WLaQBanWuG3I1XszzkAAEQAAEQAIF5JLB/gkYdKKoZwd1J9t+5QMclaPzyBdooyWr6yPb6Eh3lWb878v8cvdEU3U5oad2CoD3ioJHfjv6GfHvx9ie0eXMKiyuTetiZQPtrLy2CRn29X9OYBohPPmnXRKbBpBZQ3u/GqywHZ0AABEAABEBgngnsm6BxtKgfB9/h/cVRfRuuDbqtd5RAdaxtzU8c1mvZ+my3IGiPfnjhFh13/4OrbT/a3VqdKqN8c9GkSNBYnSY1s5h8/NsHjSp/sovH0wkSJIAACIAACICAI4CgsU3g1iVo5Bdgpj7jqN+onregEX2pW5ANXiAAAiAAAiCwPwnsm6Bx6+/lhZZ4O6DBYpzW8vi7fTosQePhPp3mF2Jy/3+/Vd+6eqaxxdrIemG5s/VvdueumCQNQVA3euDVjRdygwAIgAAI7E8C+yZoLOHdWu7TwXF/r7njizAlHQhBYxHN/XACQeP90MqoIwiAAAiAwL4OGjlgXJCZwt5BOv7qiHa7vH+BoDHbAxAEZbEUE8GriAYnQAAEQAAE7iEC+zpopN0NuvD1g8FLKAtPnKXVtm8XI2jMmjKCoCyWYiJ4FdHgBAiAAAiAwD1EYH8HjaYh9mhz+Tk64mcce9Q7cIzOrxd+rk83HoJGTcPvIwjyKFrtgFcrTMgEAiAAAiCwzwncA0GjbYG9mxfo5EPuUzwcNP57i69+v3eBjkqwOckLLFjTuM+7wWTqI2icjB+uBgEQAAEQ2B8E7pmg0eDeHdH5J47SYK1FwEh7NFo8Uj3afuZy4y/CFJtUB40ShM5sO/tP7ly9epU+//zzYnVxoiLAnJgX/kAABEAABEDgXidwbwWNUWvtXOqboPDgI5lfa/nCQhUw9np07LWGz+pEsoPDeyxoXF9fp52dtgtDAxL33QFzYl74AwEQAAEQAIF7ncA9HTTS+ln1dnXNr8g8MqBR008F1lmCDhrvgY97/+53v6O3337bBI6Yccw3PHPhgJE5MS/8gQAIgAAIgMC9TuDeDhp3LlO/7jHxgUN07IUhbbR4Z6bWEHTQOMnayGIhd/bj3qwGB0I8g8aPXnnNHv5DBsyF+SBgLBotToAACIAACNxjBOYsaNyl0WvVr7K88f6UaN/eo90Pd8P/SWYWY7U+3KTVa6v2f32L2qyojEXUH+/Spsi/NqKt6RdQXzzOggAIgAAIgAAI3PcE5ixovO/bAwBAAARAAARAAARAYC4JIGicy2aBUiAAAiAAAiAAAiAwXwQQNM5Xe0AbEAABEAABEAABEJhLAgga57JZoBQIgAAIgAAIgAAIzBcBBI3z1R7QBgRAAARAAARAAATmkgCCxrlsFigFAiAAAiAAAiAAAvNFAEHjfLUHtAEBEAABEAABEACBuSSAoHEumwVKgQAIgAAIgAAIgMB8EUDQOF/tAW1AAARAAARAAARAYC4JIGicy2aBUiAAAiAAAiAAAiAwXwQQNM5Xe0AbEAABEAABEAABEJhLAgga57JZoBQIgAAIgAAIgAAIzBcBBI3z1R7QBgRAAARAAARAAATmkgCCxrlsFigFAiAAAiAAAiAAAvNFAEHjfLUHtAEBEAABEAABEACBuSSAoHEumwVKgQAIgAAIgAAIgMB8EUDQOF/tAW1AAARAAARAAARAYC4JIGicy2aBUiAAAiAAAiAAAiAwXwQQNM5Xe0AbEAABEAABEAABEJhLAgga57JZoBQIgAAIgAAIgAAIzBcBBI3z1R7QBgRAAARAAARAAATmkgCCxrlsFigFAiAAAiAAAiAAAvNFAEHjfLUHtAEBEAABEAABEACBuSSAoHEumwVKgQAIgAAIgAAIgMB8EUDQOF/tAW1AAARAAARAAARAYC4JIGicy2aBUiAAAiAAAiAAAiAwXwQQNM5Xe0AbEAABEAABEAABEJhLAggak2YZ0WBxlKRKws5yn3p8fm1gt3KixdZce2JIOy3yziqL0aE3oHINxyh5dIMeeP4XtD3GpfN5yYgGvR71l3VL7dDwRJ/6y1Ml16n6o8VeZ5srFWBtsU/DtVIOpM+aANpgioTZH/f6NEycEPfbAQ23dV+eYrn3s6gxxkCPaz+01/aQ+r0eDcb0kdP015Yb2/JkY8A0fA6CRm/FsmMDhpKhMHR/jg2/YxBoG+1uBY7W6MJgSOo92Xb79av0wCub7YWMbtAZFX+tvnKFHujfoIssp8/78n+Dzrhzq+2lT5hzRIOkXW3QmA5KLYpi51NzI9JCApFxYBzk7XS+6dhZ5kEzLOXu2mGoy/1whDaYbSuzPWf9WuuBP9fnp6mzG/CNX2lRlgmq9M29HZd6vR6V/3X+aepeljWuH5m0vUy5WRbMoIZVFz/MtuPGAVteB74T+GtLW9VBdBaZkS8vtc7kPseOeX0OVBVrBI0JcW4sZxym44bANLxgPwoyykadl9dfHFA/e6ecKDh+gjE6rptzYItDe+eiDILr1D/RL9y1E9FvfkGPS0D3yg06I/s1Wx0cVspv08Xnr9Djr+sesEkXg2POvWnKyMuopI2/51hEDIK2rT3XzpEYe5DOP4ay5q41p8eJIQ15BlJsNivb1lEPqp304ZnkXPs+fYW++L3r9JP/+IMq1bZX2K7q9H27O2YbmD7bo6M/ztyQuXO93lG68F4KdvPHR8v9OM1un56MObNi7bNdX8gVPVkas82XzXau7b62nGhQLvY56YeRz6+VTUQsz+sSlZW9Ngkcs7lsorMFP6FRk3Wqp7jcjhzIjD9TaK9sRdT4nT3fITGqmx3T83rHUou2U/TX8TiUltPJZxuFxvQ5vjJ8fTp7j6DRA5KdeqPjhmvumHnYUkJuawyCH6Osze4xCpfhnRYrsTZMZqA4ubVxjjZpktk/MzsZPdbmNB0g8gzknQ9AcjMB3ds0aGceAMYNGuuubTtYmHyVA0hsIVA2OnBB45e+f4POLqn/F6/Rw3/BM8IrdHbjU3cRgsaIXnU4Vhts0oXHetR75nIyw7z7s1PUO7BAC8lSCi5yl974Zo96j12gTLhZ6aT33E1ys3/TF9n9uxM02kExd4Nn66BmayTQc9vAD6rqjBbDPlJiwf2ndE6JC3aDoDEOIoOcYxxEAc4YEmovGfHYETHMcZe0/MTD9NsrVbp+/E7z16SY/qqDt9y4kLl+Yn/NnHS5XEaJXZ/MTGApcB/L50iduMyqP0gqgkYh4beR0a0N3MxbfoaQO0nsPEzQFTVirVPdHtIgWD/nlZniTsYQt4fZNW2sa1ynvCIcIFyli78Jz5pHzVEwGOZwR7/5BV1Uj6glD1/PgaOR0+WRtwiYeFs5B9Nupi3zHUgXZdpdOdb+8tCsjRRHKlsesOK85WUOlS66LLtvHUlpAIzzj5arZRHxABbnDY5d0KiDeX/+V3bm+cElCU0QNHo2mZ1x2mDjlcPU652mlT0tcI9WXuhR75sX6AIHh998g3b16durxvYOv7KhU+v392XQGA1qPEjKzRn77tivJoFAHslobZT2UdW3c37fSDLyy2OF+IBkKzrn1TGzlMk1og9fy+VGY05B1BjJ0ZjYQoLxb4tDGgWTIBkfOqX2qlTqoKuz9yJX4ZvbFttrGv46P1Z7u64qy7ceNOAnlDXLlsbxObYIaa8RDaUfbQ8JQaNvAIYfd/Y+DZfDGSLuDFVAlWlcL0/tGON0dwS+DCd7Zh1dlc+70kECY1fG4LM7I9RPjf25dCcN7DhouDHRDCSX0jrwTFWaakr7ADotdmd5mH3hiG0oGczSy51DGNDIDUThNWx7DYuiiwNYbIux3fOxutOtCxrd8oEHXr7papALGvdoe/Xn9LW/vEIP8mPup6/Ql77/c1r9rcxOuks/+oB+8so1Wnjarmf90ou/oHf+wwalQcD625v08vev0p86WU/+8Cb9/jo/Qo9uYP7rJp393orN179CD8eP0k29rtLF67+kr5y0ej3+kw+yLTF24jTa4F/4JY/DdP4dpcXtEQ0O2Med9gYkCirfOU+HewvKVxHtvjOk008cMjOTvQOH6Ni3l2hVP9iQoPHNTRq+cIwOsq966AidfGmVdm6rsjO75uZK20wmjyTtXFuiU3V6cMZbm3R5sU+HDrAtHqRjLwxp82b8YoIMaiKZbPBkfFxh8DbtoWw7+6h0RKM1+8Sl8vWqDPc0Jnsuka+uY76B/1XnJt3lcmcyljg/00V2Llg39ZtGe4Wgdji4D5I6BI3BdbmDrrJcftfnu/lrvtb54RMDGqh1hCxHz4BrTXPrFu3695xP7+j3Td+wN2US9/AWQaNuAbMfGYoEW9KgyVY7oERYdSewPAgcuEw3D5ZHNGoZoOWkt0vboSHf9SXBik0POl1H55O8ABO94ML6bf9GV9AGFX6NXDIjac+bIMEFK0kw0K7S3XOZurd7DJMdMOISszO51gk3Xm8cj7YttkuZVXGOfOwBSMuKlY7WXvHpUtD4yW9p/dIqHeyv0Jl/u+UExUHjp/Sfr18zweLD3/s5/eT6TfrZ69fpcX6s/fQ1uvgrFzh+9mu6eJrTVugr/3uDrlz9BZ15/go9+I0VOti3M8+mgI826cw3rtADf3GVzrz+Ll35h5/TV751hR7+xkoQNH78bzfoi09foT99/jpdvHrTy+NH6WdGbg2mq9eDT6/Q15ZZ1jr97L0okE3xTCmlQxvsvkGn4kfQJih0axnfu0BHowAxDiR3Xj9JB3sLdPSbS3T52iqtvr5Epx5doN6BPg23XJWcr1s4sEAHnzpv8l1+9SQd6fVoIfN4XINoGzRuLfdN0Hrkq1aPleUBHX+oF+pxe4uGz7BuR+nUq5dp9c0hDZ46SAuPHKHDwZOdchAyWtR9R2ma9Cs+x21RPV2Rmz0ZKNXVfrd4LivfXcZ8o+BrJ3mr2+riZ7+i/F6BeMf4rupJQnx6esdWvzAgait9Wu1VlWftXLc166ePq7zd9zL6loQk7c56jOmvY1lrYeyg65zaT0lBTtc6pfnSp09h/W0fR9CYkjNgldFFd4ehs2CoKm8iLYYeGlFj4JDIGy9B7kZY97izx3cwuTy21CjYy70YUZeWBIdE4fpFkW9nKbdfv1E99vbBI89ATT6LWaSYcbzcUcJ2KsxgZIXu0DD5RE87p6YfKYSi+Xq1oD482e4oU099YVLngL+81S7bFXp+9b/U5VHQ+OEv6Sv9K3Tw5Zv0scpFf3iXvv30FXrwb2367//hmlkb6QM6ziuBpA8aP6X1H66EwSbnk0DSzzRu0RLPar74Lv3+s6BQuvLiFXrgL9fpPznZ1euLF6c8u6iLLO13agP2Iz3qvbBC8oTavORy+DzZh88bdP5wj6pH0W49ozyy3lul0wd6dOyHsoTAKXV7ky78eY8Wvrtq5UrQqMrhnHtvnaaFKCiNq2UHlDpfSEQfXqaTvR4dPuPKEyG7K0Y/0WP39ZPU6x2hwZrUlogkkFTBnb3xFp/qhDHXxSHtmPvUTF8tcK/8XtVnOc0Hb9LnHCNOD/2CKr8UtHDZwTnbl+NAUrBUOtkU9tXxm6x+5rJQL5E1vW2d/8o9udIlh+OhOTNme4nUmJHcAOh28/vxTbZpD5mRYzty/cxNDPHn1XJr+qRsvZ2mv/Z25/TlpRL6L62zPluz32Ajid9XM41GquE1wExjijjqFMpJeOMLZhtLjpLlRA7NNII10qzDSZWZPEWtl8waW/AoIdOpJ9egKMEGjfYt6iQYNAP6DAPEnFaZTpV2pMxAlJPl0pIZj+gmpObS9JRzcpPajthBWjcu0jrOoAwXXNW9CPO1N3/t9A2Dxt+/uWqCwaXk7V4XAPZX6crHH9LPvn+FHviOC+Z0za9fN29u28fT79PZr1+hB158NwxAieg/L/GnmtzjabfO8vGlDbpy/Wbw/5OX1Yykq1fw6FuXPcP9rm0QBom2jRbUIDhaXKheelGPrk0VzOPtQ/Tca6u0yrOM6n/p6+yPnA8zvu4wnf/3qOJufeTCuXDw0rnaBI3mxZ3Cm94bL8m6zZoXeEw9dLAWDvLePysuzNkHVqxwpo/revAyHmv7NqDT/cDIcjN/6WNRJ8X1Ua+LjBVGp3BM0PICHdyB2IicC/tr5Kub6iVCJt5G46OTZ9u/aWybfnvFjGzQWBqT6yof8VT10jZQJyE5N5a/FkYDGnF/VDPNhjEfuzG7HKgmmpgEYRXakeS15YZ1DZmYCaZlBI1CTG2jThEN8gy+Apt5vOskJcECpxunXFqjplSY5u529V0/MZpQvKpvZKRhvuhodIMefz7+pqLMPsm2PugLZxoleJRrM9tZvxSTON6w01gC3YJGHqSql5xyHTPimj201yUDkQxI/s44WGiQlRQ/orDOXjvZTJ3rgqtPtmjpeX6svEo/M099w6DRLF8wgWGqjj3Hgd6v6eJzV6haF6nyuk88mcDus5v0fP8KPX5JAlSVz+jogkanr18CkZkBP/Nv1UzjnQ8aw+ChVRusn6WF3nH7KNk9rj79VjUTx7OB/uPW5nF19Rke7vf1ttOny2w6xj/FN7rM2NmfzFwq7LKb1kHOVFurR7T20p2257jsLRp+uUe9M5nvMiSDcMZWOY8KGu36LmXfSR+v9OO9ym+zbHWdW8fon9QYXcLzRlIiP9SxGrAtUy8vVMMcxf66upZPh3Ibg+GM/PGS1HghdlGadU0KiHTm8xO2V8xo2kGjsUttT0mdcgm2bev7XOFpkeHBn8KztsVtbm1E+QyZ6InZ5VTxaep6Y+fqZtHkybRNYGPyoycjzDR6pn5Hdwp2pPyp0C+6fUAAACAASURBVPyfcZRtDIoblwf2KK91lPbuTO72K6eVL3OS1LSDWWk2nafi9V18Q0k8MNcFcU3n2V9En9cJSmxxfZB/7ANub2mDaLs4sOcK37O0TiEzcAS6cGd0eboE5U5GZSO5wVwKynV4ORdujTx198pnjR37WfHQuZirXRBWCq7sbKKsOxwnaPyAlr7TImj8+F36doegsaSvJ9JQL59vyjtjtcHeCp3u9YgDRRsgnqI39OvSKpDcudSn3oGz3m9ZG6qzH1fBpqAxemytsVgbqu8LVo+moNF9YmhaQWO8jot9cWT/vh6ZGzw/8J9Qa8I9px33GNxLyMxkhn3TMOBxwMho5qWDSmYcTFjoz6HU1UupN/mu9pctbCooMGRhTiWBT+R/GurFPDWjaQeNXYNxa+M8jtSxyXBwnOxyMT7vbEPWxbO9SPwgQWN8IxOwDg+MXpHdN/p9FTTKOl+WihdhQrY8hNqFtGysHEw4Z+GdRynAyBhJZUBRMBLLkOAkd8em9Ggzj5RURyWkHUxOOkcgRinJddumoK7pfBQ0rr4e/Qxhi+uNelPkk1SXO6p7HFA56yRXcwLraALPOkeixbDTsDZjHWLZydirms6L7MghS7KbMTB1NDyjwawhuKoLGpsfT1+n1c9qHk+PbpiXaGwAWH48Xc1aEtF76/TF/hX64v9pWKvYUC87S2V9wKR9z6OOgxh/wrZ5sQ3cdxf5EbH5BE80AMhs4OFXRvZTPCrAs0GmDTh9cbkdE8hEb2lzvhaf72kTNDY/nh7Q6u2ax9NrA/MSTdUXM3bP9huxCdaESZ9W9Td+OumfLDvsB96f1/lJ09f1NEOko+lfdm1iVQ+ljNqN/bVlrMcS5U8y9bairF2Z8SvioorqsOvGx4YrAuY+b8SC0zN6B9dm2suLywZN7fTTMux+RjdzwvKrb6uK8UT+2t+0sDxte5FuKmiMnxyl9eKUMf2+BI1r+mkZgsYM48joEidQXRK/RGLP8PV6wK9/nBnePVay/Z5x5CxPG5E/22kndkL+YuPIOg6ObsCtewRYOxOpgkYe8JsfdbvH1fELNVPk43mYndBZTDoDbBx+3WDjC8918Mhp+Lyy03Te5mMdwrtyuZ4bwy1jMLYQ2VpdcMUvq/Dj6X7+8TQ1vQjzPzfo90SUfRGG/mBfXGl6EeazD8yLL35NI9kXYR74+nVa/UjVkf5Aqy+v0IMnr9OVP7Ivtb90U5yRnIFtjd0GboDsffk0nf5y/hdizLrHZ56j5w736NTP1DSkexGGb4C29Kdz+OWSEz06+IT7ALirb/yiin3jObPWUaE19t3koz5seBHmr+y3JrMvwhB/l3LBPGavBvCM3WeCEKWmneHLBU+m7truWbY+tp/gCfuP/TRPLD/OE7/Na1hFOuTWSHp/zbotjswTgWLdS/X2azTt8oPq+kDrDgfR+Fi4Mgj8fJ4ptpeT6Rn5Mtrp57P7Ha1bNYYzLy5Dry3kG7Tq+5PT8tc6TohsLwgSbTtqGzP2VDO2jO9zNBMPCjONFQrZyxhd4lBs3nzQKHJkq41B0qotN2hjRy45hEpMq720g/FlldGbztHk+KUkHnCn8Hiag8XsL740yRc9eDslPlpk6igqTjpf8z53PBus5QaL5us5R77zVtc2ne/wKz9s69GAJsFV8iLMy6v0Jf6+IX8D8UfvO3XCx9NEbT+58wEt8bpG+eTO9Q06y5/ccd9s9IHdRzfpef5cj3xy5+o6fftbkq/6TuPHoxv0MK9l/IurdPYf7Cd3zv7Nipm1fPJ1tyayKWjkGk3RtoxN1Th33565NuCT5jM7fAOZmQ2U8+YXYtQMlBMqn7pZePQ5uvAmf3LnAp1+6mD4lrLxc4fpyCMH3ad5Vmi4eNx8r/HI4si/ue31VDvGtnvH6NS5s3Q28/+GMw/Ro/6TO5t04cvqkzvXLtN5/uTOgSkFjbk2SNqZ+5QLGl17JJ8sk0eHioP+UoV5nBjLNbLcZ728Hvm18cZf80+6uny1N65xOaLTXQka8/XJ+rGS3kp/qb8k6a1hJB+eNicy47e7oO7zNKZv+ieA4c2CHSP1OD3GW+Ja6Zw/l5t2k0/78wzLTBBZYjSZz9F6VBXA4+mKhdvLG10uuGsVNDZ0ipzcWKU2eeJrcsdJB2Pdosfq0nkaA1k34E4y01j7Ae8OQeO0+AgzwyAOnMxJto0OM7JmEI4GcJPWQYYplzuvfiyV24/Kkcrwlsv0A5Q+ke4zyyRvTVs//PwqvbyafoczvBHIfNz7xXVaz3zc++KLV8OPe1/NzAb+Vn20++krxB/3XtdvT7tqffwfv6Qz6uPeC9+6Rme1ri2CxqnZ1qRtwHVyb0X3DgxopGcMpRndY+TSTwfu/Iv6qHbvIB156jQN31EzkmKvNzdo6atH3Me9j9Gp10a0mytPyuVbT/P75zm7tGnanyQf937hAo3i5/+37AfGg497v8kfOdeDd6FfZPuuVTbxgVIHU3cdLLi+zv3d9Z3kWvafQb+KBngjU83u87HXTfsSeclAlLFbw9TnD88lR8VxRjFqKysRrhPy46POYYMszVLOKl18gFbvCxPmJuAq21njMjLPINRFz9yJtsFWt2XS7kFOd5PfpGONv1ZBpdyEBCXEQWNwUh2wzoF9qnPRbtbvKz10dgSNmobZb+oU1tjsT8TVNbwTbAKzegPSDjVWZ2qDVrT+o9YhuQ5Suw6mKahrOm8qukmrevmPrnyr6+1gVcdPi2zc146hJrNh551exjkKv5oOG8pg+8jI8TqwTdbZWvVtOX+J2zHldNKjrpxY+h04Np/cuUoXf1Vflv3kDq+PrM/X5Syzm4Zt7fs26AJtlnnNJ3fcG+SmHPbFkb1mgqe4r2Xb1PTZsA8mM3vSr33fj/qtntWLOORtwAWOKjANLttu+uEHdT3L8AFRIGXqBzHPYqCW+J0pttdUapV5kalOrm7/pG76wvH9tZWS4RQFy01Bbt7eKh3TNoz6kcnKeoR9gpMRNFYc3V7+ri/OZmajag3HXZFxYlpWq9lKfcEE+8YJOsPPOs5AdjkQMdkyv/wSXN4y6AuuUQfmxYa6x98q76S7pi1LjrsoPF52oBx4G7sQuW3vGiV/6y13+A5Bj7GLnONoXeBEGdd/tEIL3/o5rQdBn12D+MDTN1wwaF+Yefj7vyQ9t2k+As7rKuP1rhNpNI2L91cbTKPG05Cx8coROvTo+Wg2dY9WzxymcJY1mtmrLdy2RdNgWyui9mRp3GhnA/rt1NpisifblZG99I4mzlN7jV9xG3ClwdT4EuMruT0LvthMQtWV3dEWxvD7CBrj9sIxCIDAnSew8XOzBtH/7N/1DXo5XoPIL8y8uWrWJX7xb+xPEsrPDQY/D3jntUeJ0yTwznnz04UHnxrQkNdfXrtMS988an6Vpr8sv3k4zQIhCwRAoC0BBI1tSSEfCIDADAl8Sr9/9xf07edX6E/dx7gX/jJeL8nF8/rIG+b3ph90+R7+3nX6ybsfzlA3iL7TBHbfGdLpp9y6yt4CHXriFC1dixc+3mmtUB4IgACCRtgACIAACIAACIAACIBAIwEEjY2IkAEEQAAEQAAEQAAEQABBI2wABEAABEAABEAABECgkQCCxkZEyAACIAACIAACIAACIICgETYAAiAAAiAAAiAAAiDQSABBYyMiZAABEAABEAABEAABEEDQCBsAARAAARAAARAAARBoJICgsRERMoAACIAACIAACIAACCBohA2AAAiAAAiAAAiAAAg0EkDQ2IgIGUAABEAABEAABEAABBA0wgZAAARAAARAAARAAAQaCdyDQeMODReHlP2V0rUB9XoDGjViyWTYHlJ/cawriUy5fRpux3J3aHhiQMPtrLZxZhot9mmwlss7ouFyLj0R4RJGNMhyYH161Bu3nqXiuqQbVj0arHW5aJp5mU1a/s5yn3onCnbVpniu1+KARnetXkTENtzL2WFcgR3aSWw1zjPNY2t3fbHhtQH5/c7FzIENJzrnbSrJ1iWh6FOahYwWe8aXdfEYiVS2pUn6QyJwwoRJ9Cmy7OafgxpMok8gaNoHbIt2HDE+7W76+mlXbZryWvvKaRWaxi3xmLOzPBwrdonljKux+I05CRq5c/apzwFLT/0vjshUWKfJftHYawYNM3CPGfgRWV3GcJRch+wgaAwzDVDyjWrrxYFr4uydnGwZOWHGSfYyOtl2SIPbnJDZpJn2LrZtrsyC7YidFLeF4ClrI5b9RIGsYT7mDUtUbe687QNYdUPBdlLDNuhrY9h5pGbtoSnLl5HandWl0Eb1ko0vmdSGu9qhaZPE1qS9SzdpuYrYADPwg0auyHLXZO00Jy9K6+orosv9oZPT3g79leFOg02GmeuPzKAmNx71WYOz3NZZ3+nqOFa/nxafQNNpHNigUfpH2A+b5dt+Gdli82Uux4gGPM4n/aQa87Pt0Fr+GBndWJjYcaNd7tAonsARWXH92M+Zcw3+zNhMlSe0S+cXavx3qfahnFKuhnRnz9w+cxU0iiF79QszDuwcyh05HICskVdGmTjjLo2wPaRBZ6fE+uQ7WbfGLA88po4d6hE4V2cMlmfIzrfDHdvh8uvaNqfIGDoXB9xCWzGj2NktDrIzkjkNTRqX6YOkYq5WJ3J2s1OcrbZMjTPmeig7iQOdO+ew43Yu2Hato7Uykv4cO+zkON8XiVJ5ffMUoFWTpJkC35WrX2kQ4IE1mtHO2WsuLdUiSTFtbm7G+QlHcrp9QuA32l+Wy9nVf7EMb7vMyunibcHwU+2pbD4tn/PlbSLXz9LrCylT5FMoYczk2BYzwU+d5MCuJWPJluW8bOOyJZ235XbQuSbdN7amfULJNiJfmSvXyIr7qsm4Q8PlanLKlsk21vwEx+R1OvG+9cnMpgomc7rUpVVy6nLVn9N+494JGk0nZbA1gFs7WtcJtHHV7HNA0Use+7Ee+WDVBmjlMqrBu5LRXxxk7tCsIXYzqKjjBkxq2NXbVOeztiOFfMI6ZmaeXRtUfLjY9jr7wCqos1J9bVDdjGzv+Bld0+niGd6SDCUu2OX8WQcT5EoOTGeNrss5AcszN/gxH5ceOUKWXb75SlSZXkLMgvWK6iiFjZajAEpOFLft7cGKkH5onXKOiWmDTP+vZRcMrlGfcwFqaMdSoRkGjczdL0tRdiFFd9kaWbmnFV2EuLwsqzR4N4nL2Y4fC+ou5vqH/keCzvb+uUb+NPnUFBOfKtmq1M1uC7416YNlRiKPbdiU2ar9pK/luVe2GddqNsfsM4t9OPKVeQ0sn6wM1/7MKd/PK4nWd5eY5NJd+yXtVcnUe7nxQp9v3Dd1kbHlXppp9I6HG7IQlfs8DZgCh9+QVx5b8zrK4M49o4c2xFwZxtlJ44TlFhveXBMZ1okBDQprE2M5bZxMtlOE6k3lKNSt+a7MFiqco8ewvC6RZwP9GkLbwU0HztrBiAbK8RkuplO69O0hDb2sOAhoUX0us2Un19JYj6oOrsb+DrTKGbKr0oM7eG1/zm5j2frK2eynA4e96YpsOBOk5fi1sV8Z4HLXx3XM8U7TWrR/0L91fmuHZe5V0GjqxjaTs1dOSxjlfYetI+sQ+cUafxNzSY6lfNVnkjwqge1T69tfHpqZep3G+9w/47xN7WbyKz34uMxXlBK/Icduza/ICdrP5enCqyMfpcWMdzP17lJixMWwb+3XdD+IC51Qr1hci+PETqTNkn5lfVPX4C/v1+I+yvWO05qUL3Bk+4yfiBXq4vud2HuxyNRvzNFMY4tBQwGInYIxXnXeQ/F31mRfSGmC5Awnll9kWnxknekEftCuBoZAbtEpiSwVGLkLE8PndJGjZstsdjYA5iyDR2ywUk6g1Z05EJ19aaxL812anmkUFryVDs4vD5nHcCxfnBu3cWAHwkXZoMs74pdXnE6ynwYRXunyDpcp5ZdzJWdyZen6yQW5NHvOcqz6g9RxQEMzkPdpuJwLQMRGpIQpbiO7LOs+TpmT2XCOd5qWc9q8kD1cryU2SCT5edvEtfINvtzEXlv6Mo/P2oD4ND/jzueNv2vSyQvyO9xmPb45Lb106HPmd0qL+ptswZSb9fNi1+Vt1R6sU8ZO2EcYv1C1QaB94qOCs8HBpHwCYV0PTJumHGz9M/XuIl8HjZ19mvSDXIET6pUTmaRx+RWXMKjjlxTVC3jeFlhIO924zaWPmauiY9PXgnHHLbNQ4wKPV8m7HV5nOxaV+k7lZ8KKl/qU9y9hdnXE9a4mLcRvzFHQmHFcuhFVVXKVlQFdN3DRwXAjBR2rCgy4GJafDrKFu2DXoKFDYikZQ3OGWOmqKsW7JafE6cawbCNWZcnsmCtrzT5SLck3Rr2oAqYk4M3oHKk4m0NbL93hsvyyhYc627bTtsTnbYDkuXHbR513Z01eMLL5TaAYzC5K+7QJZDOKBvaW2ldY9+r6nK3nnEAuzUpR9anEmj1jD2vh+hs+UZYVCZjKYdh+k4vsJo/r6vv6iSEN477v0sL2yQ1+UZpe6mCCRm7z0M/k61oFLL7tM/aaG4Dy8phH5fg5j+kjaqCygWOXl6ucjMURlXxNXheVGvctcyrVVV0x5d2MnYzrnzOaGcaT8MnIbJ2U2Iuua8zYBVKBP7R5fL/wQYvzW5y31p+V7DwM2lL52m+3rm1Nxqov5TL5/iUndbzhbMGe0vyqccDr7/qS9acizPrRwG8k7VLllb1EJznR4trpBo2xnVR+4x4JGiV4YsJRAwt0vTVBWF89btQny/vdBtOMHsYQ5TF2xqCNXukarqpclll1yOqOwzZwHAiFNXGMlPGl68UyOodCpn+0vUMjHrgDp8XFtNUlyscM48E5TlMM4grFHV+f5w4tj9V8AKoz1O1zmXqgrsvrzzU52Sj4TBiyIOZT2YwX7YJDdmpVwCz5p+28danxvgxaw3SNmXvUkrLmOkV19zdvo/yXGPRjm1I7GDsJAyzWNnXkrHPMNO3PfJ0fWIx+hVndoN0qOb7cnL3m0mK0nCczs1n5E32BtrWm9rf8uV3q+ouWnu6nNyulQS+9llNsvy/Pygj7Ul3s9cHLQNz+fplR1Q6+fD5fsh2fSXSrJhmCwCHIN6ODxDbCunq74uKNjcS23KDXONcYkbl+I2Wln5yRM7atpT3H2GbbTPyOPEeyLLyvMbYg50J+lV7hDTb3hbC/Z3QN+rqWZPeDttGnkzbVJ2U/zzff33N+zckx7Zv2G5FzbwSN2yMa+fWEqoG58jmDad35pTHsVqCFqaUj1qPeaIyRaSPK6cVp8Z2eP5bO7srSsiK1/IyAN77cmkHFLrp+Zoe+jQq8fF0dy6Q9Q53N42h+3KpZmE6gvj/pGUS10neawSmrm3b+pu28btIOwUXhga9nmDzOUc4Oc2lWNuue1887qLVh9SZtzgbHUbLtNdIWWge51th+XnfJEm9Nu/CaZr/+1OWIHonH1/Ex8zBOP7Ixz8lflDrn0B6sHD8A+cfTuUDJC3U7VbDiyxVGJlDK+BRjh8rJi8/QfUAVU7YVInkEpbJndu2Aa/oDl1UoJ3NhkOR9kqT6ekpC3Tbs99mctbZs+3QyyKu6mDZVx+ZJUGQb2XLdzPKkfPKyW6QmHENWuv3Zxio7bZZtmLRiYGX5PsU2KmvtxW8yW9ZVjqNtF72aNQ9zmHq4de9cvmkr7f8Duw75aUmaJe/HY4Q+NnXV9qQFuX3Ni+svehpGDdeWbrq0jrpI718ksaXfmJOgMXXCph66EaVi2Tt/dVI7Vj27EBlkaKjK4SpRtgGrQasEX12idjOGFhiiTHNX8pudEstU+X1plt+g9KapflTmHYp1/CGH0oCUK9MXPv6OGGnWCWX4ZUvS+WTGmesmbSp3sJzPOUjPoBJoOqf7jI4w4U5rbaC0zoRnjkZ+zWMlLbPHZWbrmckrSbrdJM3NEKYOtfTpDFtvqZPd2vYM1ns6h8T1TWWrwqe8WzmuOKBS7dW2TM9Y2lwuFFuvs2PXh/jFo2V3o+baq9JRy4tl6Zsw1l2ft7J53mJnuelTN01Bo5br9OF+1MG2uvkxqbPamn4reui+pvK02Q2Wx9j2DgbZWhk5u874ryIXvl58hCtoYv+s5PiZ6An41Na/5iT3g2S8U3X1/aSyyxpp5pT1gxm+Uk6Rs5IcTO50XZer5Ey8a+vNa7olWDS+OctN6qz4qfJ1XzJjiPAobRsCP+1rtGzK3VQrPewu10v0bbdt39+qWdU5ChrbVVI6Q7ayvtF1A2tn7ii3crKpEysaRdYQWjglc0eqdG3Ui2WKs1YDo7uOHzfLhHpiT5LAjLL6coaMznLdtLfiuIp1bqtLla96XM+zRparHqRN+7FzyzFgPbyjl4De3oHqjuwxFPX2OcIdqW+YWn/E1/jgt8oaOJMq2Qa4SduGA0N1bWRLxq44r7JHJXsmuzFDHSR35WVYSd+wA5LxEXG7FioibSxbeSQmNw6hvwmZpiLj8+qY9UnaSEuQoLGy62qGQreZuibmqE7ldisbyJ1tTmNG2oeYflVbp5JMVZ+u7d3GV9VyUXxFvaRtov5QK0+EuBlrxWN8PpXMTnvMUpVvbVn1DTfu8KP9VjeIpm+lyzZEp9b2ZOQo/+Lkypiut2F/k5KmsxV9eRuUoyepAlvI2IpTRWTxYSwvPq76cVoPzqvrX7tfDNCVn1FFaB1VcmbZjT6b7ouc+QgauYH0gC366kaUtOxMI8MSRxY3cHzsAoIieCkochjFGR7JH2/blTtaU2Eed6JavVimBNdR52MnoQfdWB055jIChyIneJvRWZ+WfdNe3RbOy6Vmqzsk72fr3FIX0Xkt8+H12H5kZqOWgWhazXxVgYSca2tDKn9j26q8slvQUzqvZJNtVk//aNTmqq6V4KRKN46qaBuuj2XbSjTotk31dW2+xv5A2XeDWK4T6x4OgK6vtNFX2UmqU27tT945V2qGbOPHRrky0mstbzOorclsNtdJD/7uqmIfqqTqvcoGdGrbfaWXvySX5k/W7xhfwOtZ27e3FejaV82scPuLLfhBt9j+ztb8sqZ8n+7mn1mzHItcWgYLs+D6FHXOXNM1yS3TsJwytqTliT7ul9mCAEvla2tPid0X/JsSPf1dY292zGW9S3UyT/2KvrBSS9c9lhcfNwWNof+qZvaq0vJp1Xm2s7RNtY5V3pxf02fTfZEzH0FjyXiUM9dVSIxPn5QgQjsDlq9hsuE0dUyTJ/ykhEALiisetHNKweWsZ6QX19U7QOMgU6OoeMSDVSDdHpRYm7MZnTMijPEXdMllr00rtkVLXXLt7Qosrs+qYVDxrgaxiq+qSVFvlUfvZtpWn87uF/Qs2WEbPf21rH/gFNnhVHXO6uMGxDRAy+euTS3UzX5BIA4AS5LsYCzBQux0jZ1G/SmRFHHIMaxsQvfFtB962YltxM68BWvHh8uu6sV9IlNuUp7XJLvjbSB7tj7RsAjsxuZnmYGPrRcTnC3JDDIlBymLpF7x49BARsa/NHFs0YdLdWnFh+VPy6+6uhp9jExnu9x2ph72W76BbflfMbH9So9FVn9t/+F+JSeAXB24fsb6+EDN2XiVadZ74fjIdfK6xEU7fePk+FjbXCzPH0scU1dfyaMK0LIlOZcm5+KbU0kvXRO0hWSu2YqcuQgai8pnQHKdivlNhTPOIJptaV47qKaalSMRaDVc1amMHkqWyljt5owqYJA6yrgu9Wya1pFkdK60C/ea6hLmLh8V5bTVpW0+pULC2TlJWRCtsvJulmlR7+hiOeQymwIYySvbRE97omSHWT0D+6nuVFlG5TCZoazlawocLY/cY3NRu3kbB1HVFVyHxoGT2UeDa8rELkvh9HIwEw4irEWOYZpW1t/UJGk3nV99xSCZHdUcpB1s29inA7x/F4NGrpe++a7UdU8puO0y+gX59IGtGwccpt1b9A/bnmIj3bZhYMNlC2OnU1OfTtpV18X51mL9XTsWz7fUISoyPKz8mEw0VH3c5jT8fNBv81sush48lChHfF0sS58L2cqZaivLhTjFt3UTz+ry6exFL8Ol/VoVw7bgOal0v1vZLrOxNhzak560ELstMeRAPmYocn2RjU87tZ+prsrJ4bO19a8u93siZw6CxtRxey0zIJsrm3EGXqDbaXIOHGRqB2YGqT4N+MObrX97WpxE5Ni03EgvaZQoWR2yTO2U42NZixcarxJg7zKLnaEFOyesq8EFOugD1xbJ9/H03XG8HzBsqzPnU20RMdAdXKvH+8bJxTrwcaCHydl5IbI491ygVCw3p4tLi50S25ROszY2oqH/KHPEzwQGenYrplHVU8vN5cqn5R2brCGUpROsp2GSMM5LrfqOtLPqJ65ObQLdnF3n0vJa2NRKF8nl6mz0yOml0viSeMAy/ofzSN2UHYsttOTE4lP9RM+abax7LqvR0+rWaBtGXuSnpJ061EWr0a1eBZY1ZdfKnxKfrram68/7eg13eE4HiPqMTW/qa1z3UpvWcikFJ8pWQh+obTuyD632FPZrWbN+JVtwuutYgBk0MbQqW7uLWeYY6jTWVTjF11YoVFuKX2jYlmVVUmVP9LnrQSMrUlScO6IM7uJQDIQ6Y+JGyZ2PgJYMwjjmyIkbagUnoxtFdPX5Iz0yhqiNgY2iyCKRyfWJ5LvWZabWwDL1YI61dc/LdKLNpraz6Yxt9jNM2lxW5eF2ydSzyhDtlblFGf1htr6yPtLnuvs7qZ7qZSmnnhlUlt3PK5o+lWlv1dfq7bFrnXNtJf0qo4d6HF60Z6OCyGDHmpPDmXSesr2kDNvWUfuXSAc3yHhfVisyumGV+pkgP8cvvxavrgiuox7w6vLyOc7fTne5aZUBLuLAwsS2Al8ZamDK0361aXbOXS6DWiitdMQsI/0yvijWJdcfpsWH5eTkl2rQNt2OB2WbN3JMu5TzVGOKtG24zduT7XOt6iR2Ie1eHKPa1ro5m0eKMwAAADdJREFUXy3vjC0EEqNZS39O+rrUI9lGNucuzE1apPac/iKcL5d3TNnlNgzyloL5OJM6Zl7czv8fOk9ixDiCVhcAAAAASUVORK5CYII=\" alt=\"\" />',14,'es','es','es',0,1,1);

#
# Structure for table "blog_comment"
#

CREATE TABLE `blog_comment` (
  `blog_id` bigint(20) NOT NULL,
  `comment_id` bigint(20) NOT NULL,
  UNIQUE KEY `UK_fk711og2oqkoc82slgnfws8t0` (`comment_id`),
  KEY `FKb9cpog8ie2cyapsyyt7gikpbl` (`blog_id`),
  CONSTRAINT `FKb9cpog8ie2cyapsyyt7gikpbl` FOREIGN KEY (`blog_id`) REFERENCES `blog` (`id`),
  CONSTRAINT `FKc4ysudanwhfrrhytio0272sx9` FOREIGN KEY (`comment_id`) REFERENCES `comment` (`id`)
) ENGINE=InnoDB DEFAULT CHARSET=utf8;

#
# Data for table "blog_comment"
#

INSERT INTO `blog_comment` VALUES (8,4),(9,3),(12,6);

#
# Structure for table "user_role"
#

CREATE TABLE `user_role` (
  `role_id` int(11) NOT NULL,
  `user_id` bigint(20) NOT NULL,
  KEY `FK859n2jvi8ivhui0rl0esws6o` (`user_id`),
  KEY `FKa68196081fvovjhkek5m97n3y` (`role_id`),
  CONSTRAINT `FK859n2jvi8ivhui0rl0esws6o` FOREIGN KEY (`user_id`) REFERENCES `user` (`id`),
  CONSTRAINT `FKa68196081fvovjhkek5m97n3y` FOREIGN KEY (`role_id`) REFERENCES `role` (`role_id`)
) ENGINE=InnoDB DEFAULT CHARSET=utf8;

#
# Data for table "user_role"
#

INSERT INTO `user_role` VALUES (1,1);

#
# Structure for table "vote"
#

CREATE TABLE `vote` (
  `id` bigint(20) NOT NULL AUTO_INCREMENT,
  `create_time` datetime NOT NULL,
  `user_id` bigint(20) DEFAULT NULL,
  PRIMARY KEY (`id`),
  KEY `FKcsaksoe2iepaj8birrmithwve` (`user_id`),
  CONSTRAINT `FKcsaksoe2iepaj8birrmithwve` FOREIGN KEY (`user_id`) REFERENCES `user` (`id`)
) ENGINE=InnoDB AUTO_INCREMENT=7 DEFAULT CHARSET=utf8;

#
# Data for table "vote"
#

INSERT INTO `vote` VALUES (2,'2019-11-21 09:50:25',14),(3,'2019-11-21 09:59:34',13),(4,'2019-11-22 05:24:22',14),(5,'2019-11-22 05:27:30',14),(6,'2019-11-22 05:43:33',14);

#
# Structure for table "blog_vote"
#

CREATE TABLE `blog_vote` (
  `blog_id` bigint(20) NOT NULL,
  `vote_id` bigint(20) NOT NULL,
  UNIQUE KEY `UK_nmdrm82d80oq7pw0ab20pia23` (`vote_id`),
  KEY `FKaar8kqti49vaol2nw9e42lgxc` (`blog_id`),
  CONSTRAINT `FK4bkj28o189fk8jic0snsjfj2h` FOREIGN KEY (`vote_id`) REFERENCES `vote` (`id`),
  CONSTRAINT `FKaar8kqti49vaol2nw9e42lgxc` FOREIGN KEY (`blog_id`) REFERENCES `blog` (`id`)
) ENGINE=InnoDB DEFAULT CHARSET=utf8;

#
# Data for table "blog_vote"
#

INSERT INTO `blog_vote` VALUES (4,5),(7,4),(8,2),(8,3),(9,6);
